"","species","n_bio1","mean_bio1","sd_bio1","se_bio1","within_sp_var_bio1","species.1","n_bio12","mean_bio12","sd_bio12","se_bio12","within_sp_var_bio12","species.2","n_pet","mean_pet","sd_pet","se_pet","within_sp_var_pet","species.3","n_aridity","mean_aridity","sd_aridity","se_aridity","within_sp_var_aridity"
"1","Gaultheria trichophylla","19","6.752632","4.298497","0.986143","0.837595","Gaultheria trichophylla","19","924.842105","340.204557","78.048278","10619.067603","Gaultheria trichophylla","19","1057.263158","247.427395","56.763737","1992.182812","Gaultheria trichophylla","19","9205.473684","3171.82682","727.666978","1647022.448956"
"2","Dimorphanthera kempteriana","10","19.59","4.333192","1.370276","1.59143","Dimorphanthera kempteriana","10","3177.1","934.090937","295.38549","20176.228447","Dimorphanthera kempteriana","9","1324.555556","210.657964","70.219321","4205.71927","Dimorphanthera kempteriana","9","21920.777778","5659.704073","1886.568024","3477047.39224"
"3","Erica arborea","157","13.920382","2.795366","0.223094","0.101365","Erica arborea","157","727.203822","241.321993","19.259592","1285.110092","Erica arborea","154","1408.24026","225.669","18.184926","245.788789","Erica arborea","154","5620.084416","2918.303785","235.163621","203204.068378"
"4","Dimorphanthera dekockii","2","15.4","9.192388","6.5","7.957148","Dimorphanthera dekockii","2","3425","654.780879","463","100881.142233","Dimorphanthera dekockii","2","1106","601.040764","425","18925.736717","Dimorphanthera dekockii","2","34547.5","11445.937467","8093.5","15646713.265078"
"5","Vaccinium calycinum","6","17.183333","1.498555","0.611783","2.652383","Vaccinium calycinum","6","2007.166667","1075.719558","439.160671","33627.047411","Vaccinium calycinum","6","1424.333333","262.62267","107.215256","6308.578906","Vaccinium calycinum","6","17104.166667","10146.832755","4142.427126","5215571.088359"
"6","Trochocarpa laurina","20","16.83","2.51042","0.561347","0.795715","Trochocarpa laurina","20","1287.6","265.154057","59.29025","10088.114223","Trochocarpa laurina","20","1583.25","134.178544","30.003235","1892.573672","Trochocarpa laurina","20","8069.95","1792.67693","400.854748","1564671.326508"
"7","Cavendishia martii","16","16.34375","5.052256","1.263064","0.994644","Cavendishia martii","16","1326.0625","669.711726","167.427932","12610.142779","Cavendishia martii","16","1420.875","112.551544","28.137886","2365.71709","Cavendishia martii","16","9875.125","5155.592211","1288.898053","1955839.158135"
"8","Gaultheria borneensis","7","15.571429","7.462956","2.820732","2.273471","Gaultheria borneensis","7","2695.571429","742.016365","280.455824","28823.183495","Gaultheria borneensis","7","998.285714","488.900711","184.7871","5407.353348","Gaultheria borneensis","7","39861.142857","30300.082257","11452.354622","4470489.504308"
"9","Sphyrospermum cordifolium","86","19.705814","3.981231","0.429307","0.18505","Sphyrospermum cordifolium","86","2379.569767","1281.290072","138.165062","2346.073075","Sphyrospermum cordifolium","86","1369","189.324993","20.415439","440.133412","Sphyrospermum cordifolium","86","16359.604651","7967.614349","859.169951","363877.052676"
"10","Macleania rupestris","49","13.914286","5.192462","0.74178","0.324782","Macleania rupestris","49","1713.836735","902.166197","128.880885","4117.597642","Macleania rupestris","49","1212.081633","192.437202","27.491029","772.47905","Macleania rupestris","49","13297.938776","6600.086541","942.869506","638641.357758"
"11","Tepuia cardonae","1","17.7",NA,NA,"15.914297","Tepuia cardonae","1","2581",NA,NA,"201762.284466","Tepuia cardonae","1","1614",NA,NA,"37851.473434","Tepuia cardonae","1","15807",NA,NA,"31293426.530156"
"12","Empetrum nigrum","973","-0.976362","6.040225","0.193641","0.016356","Empetrum nigrum","973","743.902364","493.01896","15.805462","207.361032","Empetrum nigrum","898","634.753898","155.134144","5.176893","42.150861","Empetrum nigrum","898","12055.426503","8026.676249","267.853656","34847.913731"
"13","Agapetes hosseana","1","17.6",NA,NA,"15.914297","Agapetes hosseana","1","1121",NA,NA,"201762.284466","Agapetes hosseana","1","1434",NA,NA,"37851.473434","Agapetes hosseana","1","7888",NA,NA,"31293426.530156"
"14","Gaultheria leucocarpa","48","17.24375","3.585189","0.517477","0.331548","Gaultheria leucocarpa","48","1831.208333","764.217858","110.305347","4203.380926","Gaultheria leucocarpa","48","1187.0625","178.124915","25.710117","788.572363","Gaultheria leucocarpa","48","16146.958333","7876.789896","1136.916692","651946.386045"
"15","Styphelia viridis","24","16.8125","2.794453","0.570415","0.663096","Styphelia viridis","24","977.333333","335.360373","68.455149","8406.761853","Styphelia viridis","22","1701.954545","208.151611","44.378073","1720.52152","Styphelia viridis","22","5618.090909","2127.167397","453.513613","1422428.478643"
"16","Erica scoparia","74","12.945946","2.612467","0.303693","0.215058","Erica scoparia","74","732.716216","224.42032","26.088332","2726.517358","Erica scoparia","72","1327.763889","240.172854","28.304642","525.714909","Erica scoparia","72","6107.819444","3029.353007","357.012676","434630.92403"
"17","Vaccinium bracteatum","151","17.664901","3.316649","0.269905","0.105393","Vaccinium bracteatum","151","1666.311258","523.816255","42.627562","1336.174069","Vaccinium bracteatum","146","1274.157534","143.247829","11.855275","259.256667","Vaccinium bracteatum","146","12852.342466","4118.03306","340.810841","214338.537878"
"18","Pyrola grandiflora","331","-6.86858","4.635663","0.254799","0.048079","Pyrola grandiflora","331","401.253776","285.97061","15.718366","609.55373","Pyrola grandiflora","304","530.125","207.067337","11.876126","124.511426","Pyrola grandiflora","305","8004.904918","4724.576846","270.528483","102601.39846"
"19","Leucopogon virgatus","78","14.367949","2.447766","0.277155","0.204029","Leucopogon virgatus","78","882.910256","319.76644","36.20642","2586.695955","Leucopogon virgatus","77","1512.74026","238.847694","27.219221","491.577577","Leucopogon virgatus","77","5864.714286","2704.71231","308.230574","406408.136755"
"20","Leucopogon ruscifolius","15","24.953333","1.670272","0.431262","1.060953","Leucopogon ruscifolius","15","1459","316.932169","81.831534","13450.818964","Leucopogon ruscifolius","15","2036.133333","152.804201","39.453875","2523.431562","Leucopogon ruscifolius","15","6972.333333","1721.064814","444.377024","2086228.435344"
"21","Vaccinium consanguineum","3","13.5","6.446705","3.722007","5.304766","Vaccinium consanguineum","3","2862.333333","112.606986","65.013674","67254.094822","Vaccinium consanguineum","3","1140.333333","160.50649","92.668465","12617.157811","Vaccinium consanguineum","3","22542.333333","2323.738009","1341.610765","10431142.176719"
"22","Diplycosia cinnamomifolia","2","18.65","3.323402","2.35","7.957148","Diplycosia cinnamomifolia","2","2155.5","61.51829","43.5","100881.142233","Diplycosia cinnamomifolia","2","1330","298.399062","211","18925.736717","Diplycosia cinnamomifolia","2","18333.5","5262.995772","3721.5","15646713.265078"
"23","Styphelia laeta","1","17.6",NA,NA,"15.914297","Styphelia laeta","1","1271",NA,NA,"201762.284466","Styphelia laeta","1","1600",NA,NA,"37851.473434","Styphelia laeta","1","7704",NA,NA,"31293426.530156"
"24","Macleania insignis","22","19.872727","3.133868","0.668143","0.723377","Macleania insignis","22","2079.454545","618.902079","131.950367","9171.01293","Macleania insignis","22","1612.454545","122.963691","26.215947","1720.52152","Macleania insignis","22","12198.772727","4044.779044","862.34979","1422428.478643"
"25","Satyria warszewiczii","47","21.238298","3.737853","0.545222","0.338602","Satyria warszewiczii","47","2820.595745","1424.712307","207.815649","4292.814563","Satyria warszewiczii","47","1507.319149","174.72912","25.486862","805.350499","Satyria warszewiczii","47","17741.489362","8340.253059","1216.550942","665817.585748"
"26","Chamaedaphne calyculata","597","0.98459","5.698707","0.233233","0.026657","Chamaedaphne calyculata","597","684.326633","283.258939","11.593017","337.960275","Chamaedaphne calyculata","592","746.577703","197.651501","8.123427","63.9383","Chamaedaphne calyculata","592","9299.694257","3274.932398","134.598892","52860.517787"
"27","Gaultheria cardiosepala","11","10.154545","5.061692","1.526158","1.446754","Gaultheria cardiosepala","11","1082.545455","270.609816","81.591929","18342.025861","Gaultheria cardiosepala","11","1118.363636","236.973531","71.450208","3441.043039","Gaultheria cardiosepala","11","9169.181818","2423.258295","730.639867","2844856.957287"
"28","Hypopitys monotropa","534","7.383521","4.190428","0.181338","0.029802","Hypopitys monotropa","534","981.155431","469.161497","20.302604","377.831993","Hypopitys monotropa","521","1024.393474","345.546341","15.13866","72.65158","Hypopitys monotropa","522","11101.467433","7930.51312","347.10913","59949.09297"
"29","Kalmia latifolia","91","12.023077","3.475664","0.364349","0.174882","Kalmia latifolia","91","1222.461538","175.574885","18.405249","2217.167961","Kalmia latifolia","91","1259.351648","178.818367","18.745258","415.950258","Kalmia latifolia","91","9782.32967","1295.01686","135.754654","343883.808024"
"30","Semiramisia speciosa","5","19.56","4.010985","1.793767","3.182859","Semiramisia speciosa","5","1877.8","868.698279","388.493681","40352.456893","Semiramisia speciosa","5","1251.8","100.564407","44.97377","7570.294687","Semiramisia speciosa","5","12346.4","3590.175595","1605.575336","6258685.306031"
"31","Rhododendron leptothrium","7","12.7","3.182766","1.202972","2.273471","Rhododendron leptothrium","7","1215.428571","244.596169","92.448662","28823.183495","Rhododendron leptothrium","7","1200.428571","143.435069","54.21336","5407.353348","Rhododendron leptothrium","7","9316.571429","2428.084352","917.729623","4470489.504308"
"32","Rhododendron arboreum","24","13.1375","6.947556","1.418164","0.663096","Rhododendron arboreum","24","1365.583333","664.435813","135.627392","8406.761853","Rhododendron arboreum","24","1330.541667","284.86503","58.147831","1577.144726","Rhododendron arboreum","24","10811.208333","5766.6023","1177.102765","1303892.77209"
"33","Moneses uniflora","855","1.825146","4.338263","0.148365","0.018613","Moneses uniflora","855","780.796491","480.491686","16.432469","235.97928","Moneses uniflora","823","762.643985","198.054137","6.903733","45.99207","Moneses uniflora","822","10718.069343","7010.998287","244.536647","38069.861959"
"34","Vaccinium reticulatum","2","15","1.414214","1","7.957148","Vaccinium reticulatum","2","792.5","9.192388","6.5","100881.142233","Vaccinium reticulatum","2","1336","7.071068","5","18925.736717","Vaccinium reticulatum","2","12367","7032.884046","4973","15646713.265078"
"35","Agarista salicifolia","60","18.518333","2.979676","0.384675","0.265238","Agarista salicifolia","60","1523.966667","422.264234","54.514078","3362.704741","Agarista salicifolia","60","1445.716667","217.708878","28.106095","630.857891","Agarista salicifolia","60","10809.466667","3883.018363","501.295515","521557.108836"
"36","Rhododendron roxieanum","11","8.227273","6.658392","2.007581","1.446754","Rhododendron roxieanum","11","907.454545","144.071068","43.439061","18342.025861","Rhododendron roxieanum","11","1021.090909","302.134889","91.097097","3441.043039","Rhododendron roxieanum","11","8409","2169.369678","654.089569","2844856.957287"
"37","Siphonandra elliptica","12","12.975","5.402377","1.559532","1.326191","Siphonandra elliptica","12","977.583333","321.123442","92.700353","16813.523705","Siphonandra elliptica","12","1333.416667","173.736194","50.153319","3154.289453","Siphonandra elliptica","12","7490.416667","1262.242482","364.378018","2607785.54418"
"38","Bejaria aestuans","97","17.995876","4.493628","0.456259","0.164065","Bejaria aestuans","97","1668.082474","874.710484","88.813394","2080.023551","Bejaria aestuans","97","1390.804124","181.258485","18.404011","390.221376","Bejaria aestuans","97","11312.402062","5539.355285","562.436315","322612.644641"
"39","Pyrola minor","395","3.86557","3.214305","0.161729","0.040289","Pyrola minor","395","755.592405","340.829957","17.149016","510.790594","Pyrola minor","381","686.511811","135.270871","6.930137","99.347699","Pyrola minor","382","11518.717277","5842.266102","298.916338","81919.964739"
"40","Erica cinerea","97","10.373196","2.156604","0.21897","0.164065","Erica cinerea","97","981.268041","386.139669","39.206543","2080.023551","Erica cinerea","97","985.835052","248.544123","25.235832","390.221376","Erica cinerea","97","11414.195876","6777.216885","688.122117","322612.644641"
"41","Comarostaphylis arbutoides","15","16.64","3.361505","0.867937","1.060953","Comarostaphylis arbutoides","15","1645.133333","875.430495","226.035182","13450.818964","Comarostaphylis arbutoides","15","1525.066667","238.487935","61.57732","2523.431562","Comarostaphylis arbutoides","15","10975.666667","7117.50313","1837.731406","2086228.435344"
"42","Gaultheria nummularioides","16","10.24375","4.1513","1.037825","0.994644","Gaultheria nummularioides","16","1117.875","380.179935","95.044984","12610.142779","Gaultheria nummularioides","16","1111.3125","180.370256","45.092564","2365.71709","Gaultheria nummularioides","16","9409","2349.923999","587.481","1955839.158135"
"43","Gaultheria hookeri","17","13.052941","4.509589","1.093736","0.936135","Gaultheria hookeri","17","1122.529412","332.30015","80.594625","11868.369674","Gaultheria hookeri","17","1148.764706","188.737427","45.77555","2226.557261","Gaultheria hookeri","17","9574.941176","2387.316654","579.009337","1840789.795892"
"44","Erica tetralix","160","7.44125","2.691669","0.212795","0.099464","Erica tetralix","160","938.4375","405.571725","32.06326","1261.014278","Erica tetralix","153","801.156863","161.954636","13.093256","247.395251","Erica tetralix","153","12711.235294","6949.539762","561.83699","204532.199544"
"45","Cassiope fastigiata","31","5.803226","5.277404","0.94785","0.513364","Cassiope fastigiata","31","797.322581","351.610901","63.151182","6508.460789","Cassiope fastigiata","31","1158.516129","183.973525","33.042621","1221.015272","Cassiope fastigiata","31","7529.83871","2815.602826","505.697196","1009465.371941"
"46","Pyrola elliptica","226","5.321239","2.745386","0.18262","0.070417","Pyrola elliptica","226","921.424779","216.790869","14.420714","892.753471","Pyrola elliptica","224","931.513393","151.43641","10.118271","168.979792","Pyrola elliptica","224","10400.397321","3275.618011","218.861434","139702.79701"
"47","Arctostaphylos pungens","132","14.094697","3.495216","0.30422","0.120563","Arctostaphylos pungens","132","657.681818","386.752526","33.662487","1528.502155","Arctostaphylos pungens","132","1927.037879","297.772581","25.917776","286.753587","Arctostaphylos pungens","132","3613.113636","2901.158578","252.513442","237071.413107"
"48","Kalmia polifolia","299","2.04214","3.818583","0.220834","0.053225","Kalmia polifolia","299","885.886288","290.604474","16.806091","674.790249","Kalmia polifolia","294","811.77551","195.389269","11.395334","128.746508","Kalmia polifolia","294","11686.77551","4363.547935","254.487284","106440.226293"
"49","Arbutus menziesii","43","11.232558","2.265236","0.345445","0.3701","Arbutus menziesii","43","1178.72093","402.062736","61.313992","4692.14615","Arbutus menziesii","41","1304.634146","317.993849","49.662296","923.206669","Arbutus menziesii","41","10372.97561","5257.267101","821.04718","763254.305614"
"50","Kalmia angustifolia","174","3.744253","4.35207","0.32993","0.091461","Kalmia angustifolia","174","1004.166667","169.192475","12.826448","1159.553359","Kalmia angustifolia","171","845.842105","193.727017","14.814675","221.353646","Kalmia angustifolia","171","12555.982456","2619.32592","200.304859","183002.494328"
"51","Gaylussacia dumosa","80","13.155","6.072472","0.678923","0.198929","Gaylussacia dumosa","80","1310.7375","179.6495","20.085425","2522.028556","Gaylussacia dumosa","77","1282.857143","357.758619","40.770378","491.577577","Gaylussacia dumosa","77","11565.077922","4591.655443","523.267701","406408.136755"
"52","Sphyrospermum buxifolium","75","20.158667","4.019348","0.464114","0.212191","Sphyrospermum buxifolium","75","2370.533333","1203.424071","138.959442","2690.163793","Sphyrospermum buxifolium","75","1368.4","178.010173","20.554844","504.686312","Sphyrospermum buxifolium","75","15915","7911.932072","913.591222","417245.687069"
"53","Psammisia sclerantha","11","19.363636","3.387115","1.021254","1.446754","Psammisia sclerantha","11","2702.090909","1013.36681","305.541589","18342.025861","Psammisia sclerantha","11","1161.818182","73.872618","22.273432","3441.043039","Psammisia sclerantha","11","21881.090909","9421.130669","2840.577775","2844856.957287"
"54","Rhododendron indicum","31","16.903226","4.006369","0.719565","0.513364","Rhododendron indicum","31","1865.806452","748.645729","134.460742","6508.460789","Rhododendron indicum","31","1362.612903","233.873424","42.004907","1221.015272","Rhododendron indicum","31","13608.032258","5684.037054","1020.883192","1009465.371941"
"55","Thibaudia floribunda","31","14.406452","4.69098","0.842525","0.513364","Thibaudia floribunda","31","1679","637.520248","114.502017","6508.460789","Thibaudia floribunda","31","1171.967742","124.108953","22.290626","1221.015272","Thibaudia floribunda","31","12982.709677","4065.223981","730.135781","1009465.371941"
"56","Andromeda polifolia","380","3.387368","3.294218","0.16899","0.04188","Andromeda polifolia","380","749.052632","355.803935","18.252357","530.95338","Andromeda polifolia","371","672.264151","117.810224","6.116402","102.025535","Andromeda polifolia","371","11774.619946","6210.075135","322.411037","84348.858572"
"57","Gaultheria shallon","40","9.335","2.234066","0.353237","0.397857","Gaultheria shallon","40","1517.55","488.400999","77.222978","5044.057112","Gaultheria shallon","36","1062.805556","210.334539","35.055756","1051.429818","Gaultheria shallon","36","15741.972222","7264.066124","1210.677687","869261.84806"
"58","Rhododendron tomentosum","130","3.03","3.270627","0.286853","0.122418","Rhododendron tomentosum","130","582.046154","94.343991","8.274515","1552.017573","Rhododendron tomentosum","126","638.134921","102.637409","9.143667","300.408519","Rhododendron tomentosum","126","9530.5","1564.926164","139.414703","248360.528017"
"59","Rhododendron maximum","51","9.521569","2.235559","0.313041","0.312045","Rhododendron maximum","51","1140.823529","98.884317","13.846574","3956.123225","Rhododendron maximum","51","1128.568627","120.016875","16.805724","742.185754","Rhododendron maximum","51","10204.784314","1264.179518","177.02054","613596.598631"
"60","Acrotriche serrulata","51","13.529412","1.696737","0.237591","0.312045","Acrotriche serrulata","51","823.901961","213.204151","29.854553","3956.123225","Acrotriche serrulata","48","1453.979167","187.456717","27.057047","788.572363","Acrotriche serrulata","48","5714.8125","1829.810438","264.110387","651946.386045"
"61","Richea acerosa","2","5.75","0.212132","0.15","7.957148","Richea acerosa","2","1776","811.758585","574","100881.142233","Richea acerosa","2","853","60.811183","43","18925.736717","Richea acerosa","2","18333","9941.921343","7030","15646713.265078"
"62","Prionotes cerinthoides","9","9.422222","1.787301","0.595767","1.768255","Prionotes cerinthoides","9","1666.555556","490.382277","163.460759","22418.031607","Prionotes cerinthoides","9","1016.333333","105.007143","35.002381","4205.71927","Prionotes cerinthoides","9","17128","5397.76896","1799.25632","3477047.39224"
"63","Conostephium pendulum","7","18.042857","1.061221","0.401104","2.273471","Conostephium pendulum","7","723.571429","215.390233","81.409856","28823.183495","Conostephium pendulum","7","2110.714286","199.003948","75.216422","5407.353348","Conostephium pendulum","7","3487.285714","1589.342392","600.71496","4470489.504308"
"64","Epacris impressa","56","13.355357","1.650446","0.22055","0.284184","Epacris impressa","56","893.375","322.9414","43.15486","3602.897937","Epacris impressa","51","1362.921569","189.840337","26.582964","742.185754","Epacris impressa","51","6762.352941","3517.987168","492.616737","613596.598631"
"65","Lissanthe sapida","1","13.9",NA,NA,"15.914297","Lissanthe sapida","1","1321",NA,NA,"201762.284466","Lissanthe sapida","1","1441",NA,NA,"37851.473434","Lissanthe sapida","1","8208",NA,NA,"31293426.530156"
"66","Sprengelia incarnata","53","13.724528","2.707888","0.371957","0.30027","Sprengelia incarnata","53","1063.792453","364.724783","50.098802","3806.835556","Sprengelia incarnata","49","1361.244898","238.607203","34.086743","772.47905","Sprengelia incarnata","49","7970.265306","3585.858723","512.265532","638641.357758"
"67","Leucopogon concinnus","11","15.772727","0.685698","0.206746","1.446754","Leucopogon concinnus","11","547.909091","207.835731","62.664831","18342.025861","Leucopogon concinnus","11","1798.818182","102.231911","30.824081","3441.043039","Leucopogon concinnus","11","3035","1390.625327","419.289312","2844856.957287"
"68","Richea gunnii","6","6.683333","0.343026","0.14004","2.652383","Richea gunnii","6","1587.5","602.763884","246.077325","33627.047411","Richea gunnii","6","901.666667","33.968613","13.867628","6308.578906","Richea gunnii","6","18313.833333","7489.240133","3057.469481","5215571.088359"
"69","Leucopogon muticus","37","16.294595","2.755696","0.453034","0.430116","Leucopogon muticus","37","792.297297","140.485837","23.095729","5453.034715","Leucopogon muticus","37","1713.162162","198.343489","32.607469","1023.012796","Leucopogon muticus","37","4643.702703","1218.536847","200.326224","845768.284599"
"70","Leucopogon ericoides","70","13.985714","2.204822","0.263527","0.227347","Leucopogon ericoides","70","963.957143","382.341127","45.698505","2882.31835","Leucopogon ericoides","61","1435.47541","226.678672","29.02323","620.515958","Leucopogon ericoides","61","6790.934426","3820.757904","489.197921","513006.992298"
"71","Monotoca scoparia","72","15.170833","3.522581","0.41514","0.221032","Monotoca scoparia","72","1029.611111","308.599862","36.368843","2802.253951","Monotoca scoparia","71","1542.408451","261.557073","31.041114","533.119344","Monotoca scoparia","71","6830.197183","2727.100766","323.647317","440752.48634"
"72","Leucopogon conostephioides","28","17.475","1.525008","0.288199","0.568368","Leucopogon conostephioides","28","528.178571","212.969143","40.247385","7205.795874","Leucopogon conostephioides","27","2070.37037","230.11187","44.28505","1401.906423","Leucopogon conostephioides","27","2489.148148","1287.249743","247.731329","1159015.797413"
"73","Astroloma serratifolium","29","18.024138","1.517436","0.281781","0.548769","Astroloma serratifolium","29","406.482759","149.706527","27.799804","6957.320154","Astroloma serratifolium","28","2224.678571","232.934747","44.020529","1351.838337","Astroloma serratifolium","28","1728.821429","582.760992","110.131476","1117622.376077"
"74","Melichrus urceolatus","76","17.006579","3.103561","0.356003","0.209399","Melichrus urceolatus","76","751.907895","194.344792","22.292877","2654.766901","Melichrus urceolatus","75","1802.36","260.210032","30.046466","504.686312","Melichrus urceolatus","75","4216.96","1573.420885","181.682994","417245.687069"
"75","Dracophyllum sayeri","1","19.1",NA,NA,"15.914297","Dracophyllum sayeri","1","2218",NA,NA,"201762.284466","Dracophyllum sayeri","1","1428",NA,NA,"37851.473434","Dracophyllum sayeri","1","53371",NA,NA,"31293426.530156"
"76","Astroloma humifusum","84","14.786905","1.760872","0.192127","0.189456","Astroloma humifusum","84","683.130952","249.953142","27.272124","2401.931958","Astroloma humifusum","81","1671.395062","334.921023","37.213447","467.302141","Astroloma humifusum","81","4303.08642","2097.076436","233.008493","386338.599138"
"77","Leucopogon pendulus","8","15.7625","0.688554","0.243441","1.989287","Leucopogon pendulus","8","842.375","267.233412","94.481279","25220.285558","Leucopogon pendulus","8","1656.375","126.137043","44.596179","4731.434179","Leucopogon pendulus","8","5221.75","1953.511545","690.67063","3911678.316269"
"78","Styphelia adscendens","25","12.896","1.179506","0.235901","0.636572","Styphelia adscendens","25","889.56","323.76999","64.753998","8070.491379","Styphelia adscendens","25","1312.84","204.936714","40.987343","1514.058937","Styphelia adscendens","25","7034.72","3356.298439","671.259688","1251737.061206"
"79","Astroloma ciliatum","10","16.74","1.336829","0.422742","1.59143","Astroloma ciliatum","10","833.4","215.556747","68.165029","20176.228447","Astroloma ciliatum","8","1973.625","212.387743","75.090407","4731.434179","Astroloma ciliatum","8","4253.5","1651.31878","583.829354","3911678.316269"
"80","Richea continentis","7","7.6","2.246479","0.849089","2.273471","Richea continentis","7","1454.857143","179.444911","67.823801","28823.183495","Richea continentis","7","1096.857143","105.227418","39.772226","5407.353348","Richea continentis","7","13445","4606.444182","1741.072248","4470489.504308"
"81","Brachyloma scortechinii","5","20.5","0.880341","0.3937","3.182859","Brachyloma scortechinii","5","1551.6","169.706511","75.895059","40352.456893","Brachyloma scortechinii","4","1760","78.744312","39.372156","9462.868358","Brachyloma scortechinii","4","8237.75","831.538885","415.769442","7823356.632539"
"82","Lysinema ciliatum","40","17.0125","1.192968","0.188625","0.397857","Lysinema ciliatum","40","544","251.711475","39.799079","5044.057112","Lysinema ciliatum","39","1965.102564","253.594662","40.607645","970.550601","Lysinema ciliatum","39","2864.128205","1691.752893","270.897267","802395.552055"
"83","Epacris lanuginosa","18","11.616667","2.285311","0.538653","0.884128","Epacris lanuginosa","18","1191.888889","447.147941","105.39378","11209.015804","Epacris lanuginosa","17","1163.588235","118.906507","28.839064","2226.557261","Epacris lanuginosa","17","10547.058824","5168.144499","1253.459156","1840789.795892"
"84","Acrothamnus melaleucoides","5","14.74","1.996998","0.893085","3.182859","Acrothamnus melaleucoides","5","1044.8","214.429942","95.895985","40352.456893","Acrothamnus melaleucoides","5","1534.8","116.407474","52.059005","7570.294687","Acrothamnus melaleucoides","5","6327","1081.7643","483.779702","6258685.306031"
"85","Richea scoparia","7","7.885714","1.599405","0.604518","2.273471","Richea scoparia","7","1753.857143","321.93448","121.679796","28823.183495","Richea scoparia","7","919.857143","88.089781","33.294808","5407.353348","Richea scoparia","7","19752","6609.347018","2498.098363","4470489.504308"
"86","Sphenotoma gracilis","6","15.966667","0.63456","0.259058","2.652383","Sphenotoma gracilis","6","1035.166667","136.606613","55.769416","33627.047411","Sphenotoma gracilis","6","1633.333333","185.911448","75.898031","6308.578906","Sphenotoma gracilis","6","6511.166667","1550.584847","633.023613","5215571.088359"
"87","Astroloma xerophyllum","6","19.033333","0.79666","0.325235","2.652383","Astroloma xerophyllum","6","579.666667","118.528759","48.389163","33627.047411","Astroloma xerophyllum","6","2224.333333","70.098978","28.617788","6308.578906","Astroloma xerophyllum","6","2606.833333","505.030461","206.177822","5215571.088359"
"88","Styphelia exarrhena","7","15.057143","0.479086","0.181077","2.273471","Styphelia exarrhena","7","576.142857","166.634759","62.982019","28823.183495","Styphelia exarrhena","7","1682.142857","125.353405","47.379134","5407.353348","Styphelia exarrhena","7","3437.142857","1133.310406","428.35107","4470489.504308"
"89","Dracophyllum secundum","6","15.666667","1.834848","0.749074","2.652383","Dracophyllum secundum","6","1213.666667","346.429598","141.429291","33627.047411","Dracophyllum secundum","6","1527","118.711415","48.463732","6308.578906","Dracophyllum secundum","6","7570.833333","2435.067179","994.112013","5215571.088359"
"90","Richea victoriana","1","9.3",NA,NA,"15.914297","Richea victoriana","1","1799",NA,NA,"201762.284466","Richea victoriana","1","1108",NA,NA,"37851.473434","Richea victoriana","1","14590",NA,NA,"31293426.530156"
"91","Cyathodes glauca","8","9.175","1.583622","0.559895","1.989287","Cyathodes glauca","8","1253.75","436.530395","154.336801","25220.285558","Cyathodes glauca","8","1039.125","98.214688","34.724136","4731.434179","Cyathodes glauca","8","12169.25","5592.32946","1977.187042","3911678.316269"
"92","Leucopogon distans","5","15.66","0.151658","0.067824","3.182859","Leucopogon distans","5","1017.4","129.144493","57.755173","40352.456893","Leucopogon distans","4","1593.25","134.933008","67.466504","9462.868358","Leucopogon distans","4","6529.5","1362.987038","681.493519","7823356.632539"
"93","Conostephium preissii","7","18.642857","0.607885","0.229759","2.273471","Conostephium preissii","7","621.142857","161.255934","60.949014","28823.183495","Conostephium preissii","6","2237.166667","130.208167","53.157262","6308.578906","Conostephium preissii","6","2624.166667","969.260423","395.698911","5215571.088359"
"94","Richea procera","5","8.18","1.132254","0.506359","3.182859","Richea procera","5","1354.2","658.119822","294.320132","40352.456893","Richea procera","5","1020.2","49.88186","22.307846","7570.294687","Richea procera","5","14367.6","6035.737304","2699.263781","6258685.306031"
"95","Archeria comberi","1","8.9",NA,NA,"15.914297","Archeria comberi","1","1939",NA,NA,"201762.284466","Archeria comberi","1","852",NA,NA,"37851.473434","Archeria comberi","1","25828",NA,NA,"31293426.530156"
"96","Leucopogon leptospermoides","19","20.431579","2.261527","0.51883","0.837595","Leucopogon leptospermoides","19","1214.315789","310.279632","71.183029","10619.067603","Leucopogon leptospermoides","19","1800.157895","166.569726","38.213716","1992.182812","Leucopogon leptospermoides","19","7088.947368","1796.047898","412.041647","1647022.448956"
"97","Brachyloma saxicola","3","14.533333","1.41892","0.819214","5.304766","Brachyloma saxicola","3","960.333333","303.541321","175.249663","67254.094822","Brachyloma saxicola","3","1584.666667","183.500227","105.943905","12617.157811","Brachyloma saxicola","3","5998.666667","2094.474954","1209.245679","10431142.176719"
"98","Leucopogon esquamatus","15","14.12","2.76927","0.715022","1.060953","Leucopogon esquamatus","15","1128.933333","275.542962","71.144887","13450.818964","Leucopogon esquamatus","14","1398.714286","198.340976","53.008856","2703.676674","Leucopogon esquamatus","14","7916.214286","2448.166258","654.299955","2235244.752154"
"99","Leucopogon amplexicaulis","2","17.15","0.494975","0.35","7.957148","Leucopogon amplexicaulis","2","1237.5","79.903066","56.5","100881.142233","Leucopogon amplexicaulis","2","1570","74.953319","53","18925.736717","Leucopogon amplexicaulis","2","7467","622.253967","440","15646713.265078"
"100","Richea pandanifolia","4","7.65","2.603203","1.301602","3.978574","Richea pandanifolia","4","1802.5","418.346348","209.173174","50440.571116","Richea pandanifolia","4","907.75","104.703948","52.351974","9462.868358","Richea pandanifolia","4","21225.25","4744.26906","2372.13453","7823356.632539"
"101","Monotoca aristata","1","16.3",NA,NA,"15.914297","Monotoca aristata","1","538",NA,NA,"201762.284466","Monotoca aristata","1","1669",NA,NA,"37851.473434","Monotoca aristata","1","3072",NA,NA,"31293426.530156"
"102","Astroloma glaucescens","6","19.416667","0.757408","0.309211","2.652383","Astroloma glaucescens","6","489.833333","83.571327","34.117851","33627.047411","Astroloma glaucescens","6","2292.333333","98.670495","40.282061","6308.578906","Astroloma glaucescens","6","2124.166667","396.009301","161.67012","5215571.088359"
"103","Dracophyllum milliganii","4","9.25","0.869866","0.434933","3.978574","Dracophyllum milliganii","4","2043.75","672.554025","336.277012","50440.571116","Dracophyllum milliganii","4","933.25","71.453365","35.726683","9462.868358","Dracophyllum milliganii","4","23421.25","4987.463041","2493.73152","7823356.632539"
"104","Cyathodes straminea","5","7.14","1.991984","0.890842","3.182859","Cyathodes straminea","5","1808.6","404.144529","180.738928","40352.456893","Cyathodes straminea","5","904.8","81.496626","36.446399","7570.294687","Cyathodes straminea","5","19675","2915.664504","1303.924806","6258685.306031"
"105","Astroloma pallidum","20","16.655","1.610974","0.360225","0.795715","Astroloma pallidum","20","642","216.789493","48.475604","10088.114223","Astroloma pallidum","20","1882.5","292.804677","65.473116","1892.573672","Astroloma pallidum","20","3525.4","1596.497034","356.987589","1564671.326508"
"106","Styphelia longifolia","1","17.1",NA,NA,"15.914297","Styphelia longifolia","1","1300",NA,NA,"201762.284466","Styphelia longifolia","1","1518",NA,NA,"37851.473434","Styphelia longifolia","1","9076",NA,NA,"31293426.530156"
"107","Acrotriche divaricata","3","16.433333","1.778576","1.026861","5.304766","Acrotriche divaricata","3","1167","60.630026","35.004762","67254.094822","Acrotriche divaricata","3","1536.333333","72.403959","41.802445","12617.157811","Acrotriche divaricata","3","7355","573.214619","330.945615","10431142.176719"
"108","Leucopogon cymbiformis","6","16.15","0.939681","0.383623","2.652383","Leucopogon cymbiformis","6","415.666667","92.616773","37.810639","33627.047411","Leucopogon cymbiformis","6","1940.166667","208.722224","85.210491","6308.578906","Leucopogon cymbiformis","6","2062.166667","455.319851","185.883551","5215571.088359"
"109","Melichrus procumbens","15","17.453333","2.23826","0.577916","1.060953","Melichrus procumbens","15","1151.933333","330.537542","85.344426","13450.818964","Melichrus procumbens","14","1649.071429","147.895215","39.526659","2703.676674","Melichrus procumbens","14","6466.214286","1696.580596","453.430237","2235244.752154"
"110","Leucopogon crassifolius","5","16.16","0.991464","0.443396","3.182859","Leucopogon crassifolius","5","528.4","79.732678","35.657538","40352.456893","Leucopogon crassifolius","4","1707.75","128.898862","64.449431","9462.868358","Leucopogon crassifolius","4","3080.5","756.516799","378.2584","7823356.632539"
"111","Leucopogon juniperinus","29","16.372414","2.764688","0.51339","0.548769","Leucopogon juniperinus","29","1119.482759","239.210849","44.42034","6957.320154","Leucopogon juniperinus","28","1561.892857","177.298104","33.506192","1351.838337","Leucopogon juniperinus","28","7081.678571","1603.160098","302.968781","1117622.376077"
"112","Sphenotoma drummondii","1","14.4",NA,NA,"15.914297","Sphenotoma drummondii","1","690",NA,NA,"201762.284466","Sphenotoma drummondii","1","1467",NA,NA,"37851.473434","Sphenotoma drummondii","1","4183",NA,NA,"31293426.530156"
"113","Acrotriche rigida","11","16.436364","1.303283","0.392955","1.446754","Acrotriche rigida","11","687.818182","66.054248","19.916105","18342.025861","Acrotriche rigida","11","1795.545455","140.661554","42.411054","3441.043039","Acrotriche rigida","11","3857.636364","560.410969","168.970265","2844856.957287"
"114","Sphenotoma dracophylloides","5","15.3","1.140175","0.509902","3.182859","Sphenotoma dracophylloides","5","597","223.727513","100.053986","40352.456893","Sphenotoma dracophylloides","5","1528.4","129.633329","57.973787","7570.294687","Sphenotoma dracophylloides","5","4428.2","1390.884143","622.022299","6258685.306031"
"115","Leucopogon microphyllus","14","14.864286","2.666489","0.712649","1.136735","Leucopogon microphyllus","14","1000.785714","232.007022","62.006485","14411.591748","Leucopogon microphyllus","14","1539.357143","134.351781","35.907024","2703.676674","Leucopogon microphyllus","14","6306.5","1457.495362","389.532021","2235244.752154"
"116","Styphelia tubiflora","5","13.5","2.11542","0.946045","3.182859","Styphelia tubiflora","5","1153.4","225.042885","100.642238","40352.456893","Styphelia tubiflora","5","1413.4","100.038992","44.738797","7570.294687","Styphelia tubiflora","5","8265.8","2154.126203","963.354524","6258685.306031"
"117","Andersonia sprengelioides","9","15.788889","0.491031","0.163677","1.768255","Andersonia sprengelioides","9","719.111111","292.497198","97.499066","22418.031607","Andersonia sprengelioides","9","1648.666667","194.007087","64.669029","4205.71927","Andersonia sprengelioides","9","4526.222222","2095.084532","698.361511","3477047.39224"
"118","Pentachondra pumila","16","8.75625","3.809456","0.952364","0.994644","Pentachondra pumila","16","1537.6875","587.696488","146.924122","12610.142779","Pentachondra pumila","16","1063","361.739685","90.434921","2365.71709","Pentachondra pumila","16","15571.0625","7925.643221","1981.410805","1955839.158135"
"119","Leucopogon racemulosus","11","16.572727","1.20838","0.36434","1.446754","Leucopogon racemulosus","11","831.818182","208.547749","62.879512","18342.025861","Leucopogon racemulosus","11","1831.727273","252.100016","76.011015","3441.043039","Leucopogon racemulosus","11","4593.727273","1553.015009","468.251644","2844856.957287"
"120","Leucopogon cordifolius","24","16.141667","0.923093","0.188426","0.663096","Leucopogon cordifolius","24","397.125","104.510999","21.333218","8406.761853","Leucopogon cordifolius","23","1965.391304","220.324706","45.940877","1645.716236","Leucopogon cordifolius","23","2003.347826","679.417505","141.668343","1360583.762181"
"121","Astroloma prostratum","10","16","0.820569","0.259487","1.59143","Astroloma prostratum","10","522.1","88.286717","27.918711","20176.228447","Astroloma prostratum","10","1730.8","121.097573","38.294415","3785.147343","Astroloma prostratum","10","2888","557.961369","176.442877","3129342.653016"
"122","Monotoca rotundifolia","3","9.066667","0.929157","0.536449","5.304766","Monotoca rotundifolia","3","1050.333333","135.795189","78.401389","67254.094822","Monotoca rotundifolia","3","1154.333333","11.150486","6.437736","12617.157811","Monotoca rotundifolia","3","9318","844.152237","487.371521","10431142.176719"
"123","Acrotriche affinis","27","14.551852","1.117817","0.215124","0.589418","Acrotriche affinis","27","632.518519","217.498607","41.857626","7472.677202","Acrotriche affinis","25","1599.32","230.90415","46.18083","1514.058937","Acrotriche affinis","25","3900.28","1746.730935","349.346187","1251737.061206"
"124","Cyathodes fraseri","69","11.665217","2.876468","0.346286","0.230642","Cyathodes fraseri","69","1312.884058","610.056568","73.44218","2924.091079","Cyathodes fraseri","66","1232.181818","189.100861","23.276707","573.507173","Cyathodes fraseri","66","11276.242424","6154.889449","757.614519","474142.826214"
"125","Cosmelia rubra","2","15.3","0","0","7.957148","Cosmelia rubra","2","903.5","361.331565","255.5","100881.142233","Cosmelia rubra","2","1472","57.982756","41","18925.736717","Cosmelia rubra","2","6661.5","1914.138057","1353.5","15646713.265078"
"126","Androstoma empetrifolia","22","8.677273","2.282215","0.48657","0.723377","Androstoma empetrifolia","22","2068.227273","918.982508","195.927729","9171.01293","Androstoma empetrifolia","22","1026.681818","70.845497","15.104311","1720.52152","Androstoma empetrifolia","22","20316.545455","8052.92333","1716.889023","1422428.478643"
"127","Monotoca ledifolia","1","16.7",NA,NA,"15.914297","Monotoca ledifolia","1","1408",NA,NA,"201762.284466","Monotoca ledifolia","1","1497",NA,NA,"37851.473434","Monotoca ledifolia","1","8518",NA,NA,"31293426.530156"
"128","Leucopogon strictus","1","17",NA,NA,"15.914297","Leucopogon strictus","1","909",NA,NA,"201762.284466","Leucopogon strictus","1","1987",NA,NA,"37851.473434","Leucopogon strictus","1","4367",NA,NA,"31293426.530156"
"129","Richea sprengelioides","6","6.666667","0.811583","0.331327","2.652383","Richea sprengelioides","6","1849","624.200609","254.828832","33627.047411","Richea sprengelioides","6","841.5","26.349573","10.757168","6308.578906","Richea sprengelioides","6","21514.5","6417.335047","2619.866062","5215571.088359"
"130","Pentachondra involucrata","8","9.15","2.382076","0.842191","1.989287","Pentachondra involucrata","8","1333","512.627963","181.241354","25220.285558","Pentachondra involucrata","7","1011.285714","108.403128","40.972531","5407.353348","Pentachondra involucrata","7","14465.428571","5513.986726","2084.091087","4470489.504308"
"131","Dracophyllum minimum","4","6.6","1.39523","0.697615","3.978574","Dracophyllum minimum","4","2203.25","528.173819","264.08691","50440.571116","Dracophyllum minimum","4","860","84.982351","42.491175","9462.868358","Dracophyllum minimum","4","24610.25","4207.336004","2103.668002","7823356.632539"
"132","Dracophyllum macranthum","2","16.6","0","0","7.957148","Dracophyllum macranthum","2","1393","0","0","100881.142233","Dracophyllum macranthum","2","1534.5","7.778175","5.5","18925.736717","Dracophyllum macranthum","2","10272","298.399062","211","15646713.265078"
"133","Brachyloma preissii","12","16.808333","1.270976","0.366899","1.326191","Brachyloma preissii","12","747.083333","314.100869","90.673111","16813.523705","Brachyloma preissii","12","1935.583333","282.911634","81.669554","3154.289453","Brachyloma preissii","12","4025.916667","2309.455837","666.682475","2607785.54418"
"134","Styphelia hainesii","7","17.114286","0.357904","0.135275","2.273471","Styphelia hainesii","7","330.571429","92.708966","35.040695","28823.183495","Styphelia hainesii","5","2218.4","163.074523","72.929144","7570.294687","Styphelia hainesii","5","1175.4","248.081237","110.945302","6258685.306031"
"135","Dracophyllum traversii","18","11.177778","2.25377","0.531219","0.884128","Dracophyllum traversii","18","2535.222222","977.344214","230.36224","11209.015804","Dracophyllum traversii","17","1103","59.187203","14.355005","2226.557261","Dracophyllum traversii","17","21989.941176","7651.699652","1855.809758","1840789.795892"
"136","Leucopogon nutans","2","17","0.282843","0.2","7.957148","Leucopogon nutans","2","842.5","118.086832","83.5","100881.142233","Leucopogon nutans","2","2004","53.740115","38","18925.736717","Leucopogon nutans","2","4115","466.690476","330","15646713.265078"
"137","Leucopogon glaucifolius","4","16.825","1.268529","0.634264","3.978574","Leucopogon glaucifolius","4","467.5","102.623909","51.311954","50440.571116","Leucopogon glaucifolius","4","1976","313.586777","156.793388","9462.868358","Leucopogon glaucifolius","4","2162.5","566.609507","283.304754","7823356.632539"
"138","Dracophyllum oceanicum","1","17",NA,NA,"15.914297","Dracophyllum oceanicum","1","1417",NA,NA,"201762.284466","Dracophyllum oceanicum","0","NaN",NA,NA,"Inf","Dracophyllum oceanicum","0","NaN",NA,NA,"Inf"
"139","Dracophyllum filifolium","16","9.56875","3.013684","0.753421","0.994644","Dracophyllum filifolium","16","2333.25","1112.346199","278.08655","12610.142779","Dracophyllum filifolium","15","1051.8","77.458007","19.999571","2523.431562","Dracophyllum filifolium","15","22838.733333","12684.441947","3275.108828","2086228.435344"
"140","Leucopogon corynocarpus","2","15.6","1.131371","0.8","7.957148","Leucopogon corynocarpus","2","549","57.982756","41","100881.142233","Leucopogon corynocarpus","2","1599.5","88.388348","62.5","18925.736717","Leucopogon corynocarpus","2","3328","90.509668","64","15646713.265078"
"141","Dracophyllum rosmarinifolium","14","7.092857","1.922524","0.513816","1.136735","Dracophyllum rosmarinifolium","14","2284.642857","862.225529","230.439466","14411.591748","Dracophyllum rosmarinifolium","14","1035.5","99.523287","26.598717","2703.676674","Dracophyllum rosmarinifolium","14","23647","8138.893943","2175.210903","2235244.752154"
"142","Leucopogon allittii","5","18.94","1.514265","0.6772","3.182859","Leucopogon allittii","5","551.2","197.703566","88.415723","40352.456893","Leucopogon allittii","5","2227.2","134.815429","60.291293","7570.294687","Leucopogon allittii","5","2509.6","1174.975021","525.464804","6258685.306031"
"143","Leucopogon setiger","4","14.3","2.060744","1.030372","3.978574","Leucopogon setiger","4","1128.5","445.214929","222.607464","50440.571116","Leucopogon setiger","4","1471.5","167.181538","83.590769","9462.868358","Leucopogon setiger","4","7455","3015.087506","1507.543753","7823356.632539"
"144","Leucopogon crassiflorus","1","18.2",NA,NA,"15.914297","Leucopogon crassiflorus","1","588",NA,NA,"201762.284466","Leucopogon crassiflorus","1","2172",NA,NA,"37851.473434","Leucopogon crassiflorus","1","2702",NA,NA,"31293426.530156"
"145","Coleanthera myrtoides","7","16.3","0.60553","0.228869","2.273471","Coleanthera myrtoides","7","403","64.76882","24.480313","28823.183495","Coleanthera myrtoides","7","1859.571429","147.3113","55.678438","5407.353348","Coleanthera myrtoides","7","2034.285714","537.942907","203.323307","4470489.504308"
"146","Erica discolor","8","14.7375","1.31033","0.463272","1.989287","Erica discolor","8","684.375","289.317392","102.289145","25220.285558","Erica discolor","8","1666.875","192.919256","68.207257","4731.434179","Erica discolor","8","3879.375","1536.647551","543.286952","3911678.316269"
"147","Leucopogon margarodes","7","19.857143","1.194232","0.451377","2.273471","Leucopogon margarodes","7","1558.571429","188.162038","71.118566","28823.183495","Leucopogon margarodes","7","1697.714286","79.273186","29.962448","5407.353348","Leucopogon margarodes","7","9204.714286","1131.180315","427.545972","4470489.504308"
"148","Brachyloma mogin","5","15.8","0.291548","0.130384","3.182859","Brachyloma mogin","5","388.6","40.25295","18.001666","40352.456893","Brachyloma mogin","5","1852.4","109.404296","48.927089","7570.294687","Brachyloma mogin","5","2053.4","230.07564","102.892954","6258685.306031"
"149","Leucopogon blepharolepis","2","15.8","0.424264","0.3","7.957148","Leucopogon blepharolepis","2","572","28.284271","20","100881.142233","Leucopogon blepharolepis","2","1632.5","6.363961","4.5","18925.736717","Leucopogon blepharolepis","2","3050","470.933116","333","15646713.265078"
"150","Lissanthe brevistyla","1","22",NA,NA,"15.914297","Lissanthe brevistyla","1","841",NA,NA,"201762.284466","Lissanthe brevistyla","1","2021",NA,NA,"37851.473434","Lissanthe brevistyla","1","4492",NA,NA,"31293426.530156"
"151","Dracophyllum latifolium","10","13.77","1.582579","0.500455","1.59143","Dracophyllum latifolium","10","1869.4","539.949216","170.746934","20176.228447","Dracophyllum latifolium","9","1115.333333","49.512625","16.504208","4205.71927","Dracophyllum latifolium","9","16315.444444","3847.065021","1282.355007","3477047.39224"
"152","Leucopogon alternifolius","2","15.85","1.343503","0.95","7.957148","Leucopogon alternifolius","2","1008.5","37.476659","26.5","100881.142233","Leucopogon alternifolius","2","1576","140.007143","99","18925.736717","Leucopogon alternifolius","2","6555.5","292.035101","206.5","15646713.265078"
"153","Astroloma microdonta","5","19.02","0.690652","0.308869","3.182859","Astroloma microdonta","5","531","74.279876","33.21897","40352.456893","Astroloma microdonta","5","2260.2","56.171167","25.12051","7570.294687","Astroloma microdonta","5","2309.2","374.686803","167.565032","6258685.306031"
"154","Leucopogon cordatus","5","15.74","0.756968","0.338526","3.182859","Leucopogon cordatus","5","960.8","153.48355","68.63993","40352.456893","Leucopogon cordatus","5","1766.6","168.052968","75.155572","7570.294687","Leucopogon cordatus","5","5697.4","1819.331965","813.629989","6258685.306031"
"155","Richea milliganii","4","8.55","0.85049","0.425245","3.978574","Richea milliganii","4","2459.75","508.461978","254.230989","50440.571116","Richea milliganii","4","964.5","55.072679","27.53634","9462.868358","Richea milliganii","4","25066.75","3909.481327","1954.740664","7823356.632539"
"156","Leucopogon rotundifolius","2","16.8","0.282843","0.2","7.957148","Leucopogon rotundifolius","2","455","28.284271","20","100881.142233","Leucopogon rotundifolius","1","1810",NA,NA,"37851.473434","Leucopogon rotundifolius","1","2534",NA,NA,"31293426.530156"
"157","Leucopogon plumuliflorus","1","18.8",NA,NA,"15.914297","Leucopogon plumuliflorus","1","570",NA,NA,"201762.284466","Leucopogon plumuliflorus","1","2220",NA,NA,"37851.473434","Leucopogon plumuliflorus","1","2530",NA,NA,"31293426.530156"
"158","Leucopogon leptanthus","3","19.366667","0.90185","0.520683","5.304766","Leucopogon leptanthus","3","518.666667","54.243279","31.317372","67254.094822","Leucopogon leptanthus","3","2287.333333","17.009801","9.820613","12617.157811","Leucopogon leptanthus","3","2151.333333","69.866539","40.337465","10431142.176719"
"159","Pieris japonica","54","15.059259","2.696225","0.36691","0.294709","Pieris japonica","54","1742.981481","503.701974","68.545157","3736.338601","Pieris japonica","52","1212.307692","122.797065","17.028889","727.912951","Pieris japonica","52","14205.480769","5818.261716","806.847729","601796.664041"
"160","Dracophyllum scoparium","3","9.933333","2.811287","1.623097","5.304766","Dracophyllum scoparium","3","1061.666667","268.760736","155.169083","67254.094822","Dracophyllum scoparium","2","730","217.788889","154","18925.736717","Dracophyllum scoparium","2","17533.5","7992.427948","5651.5","15646713.265078"
"161","Ledothamnus guyanensis","9","20.144444","3.285236","1.095079","1.768255","Ledothamnus guyanensis","9","2679.666667","538.923696","179.641232","22418.031607","Ledothamnus guyanensis","9","1475.777778","168.164189","56.05473","4205.71927","Ledothamnus guyanensis","9","17174.666667","3936.928911","1312.309637","3477047.39224"
"162","Disterigma alaternoides","56","14.325","3.917989","0.523563","0.284184","Disterigma alaternoides","56","1651.660714","763.42816","102.017379","3602.897937","Disterigma alaternoides","56","1215.142857","135.830299","18.151087","675.919168","Disterigma alaternoides","56","13044.017857","5806.815042","775.9683","558811.188038"
"163","Corema album","11","16.7","1.004988","0.303015","1.446754","Corema album","11","608.454545","130.918573","39.473435","18342.025861","Corema album","8","1526.375","183.377781","64.833836","4731.434179","Corema album","8","3902.625","1329.184706","469.93776","3911678.316269"
"164","Tepuia venusta","2","21.35","2.05061","1.45","7.957148","Tepuia venusta","2","2934.5","167.584307","118.5","100881.142233","Tepuia venusta","2","1587.5","65.760931","46.5","18925.736717","Tepuia venusta","2","14474.5","1518.158259","1073.5","15646713.265078"
"165","Arbutus canariensis","3","13.2","2.233831","1.289703","5.304766","Arbutus canariensis","3","489.333333","31.005376","17.900962","67254.094822","Arbutus canariensis","3","1781.666667","100.011666","57.741762","12617.157811","Arbutus canariensis","3","2385.333333","248.137731","143.262386","10431142.176719"
"166","Macleania cordifolia","1","13",NA,NA,"15.914297","Macleania cordifolia","1","1087",NA,NA,"201762.284466","Macleania cordifolia","1","1195",NA,NA,"37851.473434","Macleania cordifolia","1","7831",NA,NA,"31293426.530156"
"167","Rhododendron fortunei","49","16.673469","2.387448","0.341064","0.324782","Rhododendron fortunei","49","1395.081633","273.230431","39.032919","4117.597642","Rhododendron fortunei","49","1216.102041","105.93635","15.133764","772.47905","Rhododendron fortunei","49","11335.979592","2173.676499","310.525214","638641.357758"
"168","Gaultheria fragrantissima","10","14","2.975082","0.940804","1.59143","Gaultheria fragrantissima","10","1193","174.19019","55.083775","20176.228447","Gaultheria fragrantissima","10","1256","123.250423","38.975206","3785.147343","Gaultheria fragrantissima","10","9563.9","2114.409319","668.634935","3129342.653016"
"169","Symphysia poasana","14","17.728571","2.903427","0.775974","1.136735","Symphysia poasana","14","2205.357143","540.576132","144.475048","14411.591748","Symphysia poasana","14","1505.214286","178.076552","47.59296","2703.676674","Symphysia poasana","14","14652.071429","5626.353204","1503.706145","2235244.752154"
"170","Rhododendron moulmainense","65","18.275385","2.726549","0.338187","0.244835","Rhododendron moulmainense","65","1462.523077","269.534037","33.431583","3104.035146","Rhododendron moulmainense","65","1261.538462","126.342055","15.670803","582.330361","Rhododendron moulmainense","65","11801.015385","2195.124673","272.271706","481437.331233"
"171","Ledothamnus sessiliflorus","1","20.5",NA,NA,"15.914297","Ledothamnus sessiliflorus","1","1663",NA,NA,"201762.284466","Ledothamnus sessiliflorus","1","1388",NA,NA,"37851.473434","Ledothamnus sessiliflorus","1","12441",NA,NA,"31293426.530156"
"172","Pyrola picta","98","6.631633","3.611311","0.364797","0.162391","Pyrola picta","98","1014.316327","612.06737","61.828141","2058.798821","Pyrola picta","97","1250.927835","364.693828","37.029048","390.221376","Pyrola picta","97","9767.237113","8242.134422","836.861958","322612.644641"
"173","Leucothoe keiskei","5","13.62","2.159167","0.965609","3.182859","Leucothoe keiskei","5","2229.2","512.793526","229.328237","40352.456893","Leucothoe keiskei","5","1206.4","116.057313","51.902408","7570.294687","Leucothoe keiskei","5","16696.8","3345.981052","1496.368217","6258685.306031"
"174","Vaccinium meridionale","12","12.45","4.978956","1.437301","1.326191","Vaccinium meridionale","12","1495.583333","546.273235","157.6955","16813.523705","Vaccinium meridionale","12","1282.916667","125.215783","36.146683","3154.289453","Vaccinium meridionale","12","11221.333333","3641.585477","1051.235178","2607785.54418"
"175","Phyllodoce aleutica","17","5.117647","3.497541","0.848278","0.936135","Phyllodoce aleutica","17","1820.058824","370.106145","89.763925","11868.369674","Phyllodoce aleutica","16","661.8125","199.966403","49.991601","2365.71709","Phyllodoce aleutica","16","30521.3125","14035.472127","3508.868032","1955839.158135"
"176","Enkianthus campanulatus","18","8.377778","3.808436","0.897657","0.884128","Enkianthus campanulatus","18","1874.833333","383.751796","90.451166","11209.015804","Enkianthus campanulatus","18","928.888889","196.14787","46.232496","2102.859635","Enkianthus campanulatus","18","19620.833333","6062.593924","1428.967092","1738523.69612"
"177","Lyonia lucida","51","18.568627","2.238257","0.313419","0.312045","Lyonia lucida","51","1338.392157","148.047976","20.730863","3956.123225","Lyonia lucida","51","1584.843137","108.526195","15.196707","742.185754","Lyonia lucida","51","8658","1118.965004","156.686441","613596.598631"
"178","Allotropa virgata","40","7.4025","3.267437","0.516627","0.397857","Allotropa virgata","40","1356.725","591.765416","93.566328","5044.057112","Allotropa virgata","40","1134.5","291.179124","46.039462","946.286836","Allotropa virgata","40","14263.225","9320.683997","1473.729539","782335.663254"
"179","Rhododendron albiflorum","61","2.65082","3.107873","0.397922","0.26089","Rhododendron albiflorum","61","1082.131148","684.11964","87.592544","3307.578434","Rhododendron albiflorum","61","904.180328","122.944907","15.741482","620.515958","Rhododendron albiflorum","61","13934.229508","9277.311858","1187.838064","513006.992298"
"180","Lyonia ligustrina","49","9.822449","2.196424","0.313775","0.324782","Lyonia ligustrina","49","1099.183673","89.667598","12.809657","4117.597642","Lyonia ligustrina","49","1147.653061","123.134336","17.590619","772.47905","Lyonia ligustrina","49","9727.326531","1394.924033","199.274862","638641.357758"
"181","Rhododendron lapponicum","331","-7.312085","4.464843","0.24541","0.048079","Rhododendron lapponicum","331","427.598187","265.453161","14.590625","609.55373","Rhododendron lapponicum","310","515.303226","118.389838","6.724091","122.101527","Rhododendron lapponicum","310","8553.109677","4818.421314","273.667941","100946.537194"
"182","Rhododendron racemosum","28","12.442857","4.553097","0.860454","0.568368","Rhododendron racemosum","28","984.892857","213.980674","40.438546","7205.795874","Rhododendron racemosum","28","1189.357143","163.975656","30.988486","1351.838337","Rhododendron racemosum","28","8005.214286","2261.157232","427.318551","1117622.376077"
"183","Themistoclesia epiphytica","17","12.529412","2.848632","0.690895","0.936135","Themistoclesia epiphytica","17","1753.411765","651.458945","158.002002","11868.369674","Themistoclesia epiphytica","17","1112.705882","128.67875","31.209181","2226.557261","Themistoclesia epiphytica","17","15810.647059","4867.006548","1180.422475","1840789.795892"
"184","Rhododendron edgeworthii","15","11.413333","4.308939","1.112563","1.060953","Rhododendron edgeworthii","15","1124.066667","241.428329","62.336527","13450.818964","Rhododendron edgeworthii","15","1127.2","203.4633","52.533998","2523.431562","Rhododendron edgeworthii","15","9585.8","1761.228354","454.747206","2086228.435344"
"185","Cassiope selaginoides","25","6.832","5.437349","1.08747","0.636572","Cassiope selaginoides","25","919.36","299.750435","59.950087","8070.491379","Cassiope selaginoides","25","892.4","227.007526","45.401505","1514.058937","Cassiope selaginoides","25","10372.12","2962.213394","592.442679","1251737.061206"
"186","Rhododendron forrestii","3","10.033333","2.514624","1.451819","5.304766","Rhododendron forrestii","3","1228.333333","241.363488","139.351275","67254.094822","Rhododendron forrestii","3","1081.333333","187.793326","108.422527","12617.157811","Rhododendron forrestii","3","12440.333333","1098.95966","634.484656","10431142.176719"
"187","Dracophyllum ramosum","1","22.7",NA,NA,"15.914297","Dracophyllum ramosum","1","1815",NA,NA,"201762.284466","Dracophyllum ramosum","0","NaN",NA,NA,"Inf","Dracophyllum ramosum","0","NaN",NA,NA,"Inf"
"188","Rhododendron ferrugineum","33","6.021212","5.044908","0.878206","0.482251","Rhododendron ferrugineum","33","1106.575758","350.461128","61.007452","6114.00862","Rhododendron ferrugineum","33","935.30303","244.227543","42.514558","1147.014346","Rhododendron ferrugineum","33","14093.363636","6723.294142","1170.375285","948285.652429"
"189","Rhodothamnus chamaecistus","7","4.542857","3.471242","1.312006","2.273471","Rhodothamnus chamaecistus","7","1136.142857","176.419414","66.680271","28823.183495","Rhodothamnus chamaecistus","7","781.571429","102.774603","38.845149","5407.353348","Rhodothamnus chamaecistus","7","17269","5801.530143","2192.772283","4470489.504308"
"190","Dracophyllum verticillatum","5","22.06","1.83112","0.818902","3.182859","Dracophyllum verticillatum","5","1423.4","289.144082","129.309165","40352.456893","Dracophyllum verticillatum","5","1859.6","150.631338","67.364382","7570.294687","Dracophyllum verticillatum","5","9994","2554.102974","1142.229574","6258685.306031"
"191","Dracophyllum balansae","1","21.4",NA,NA,"15.914297","Dracophyllum balansae","1","1982",NA,NA,"201762.284466","Dracophyllum balansae","1","1624",NA,NA,"37851.473434","Dracophyllum balansae","1","10951",NA,NA,"31293426.530156"
"192","Lyonia ferruginea","19","20.542105","1.574207","0.361148","0.837595","Lyonia ferruginea","19","1307.052632","114.490889","26.266011","10619.067603","Lyonia ferruginea","19","1677.526316","89.196019","20.46297","1992.182812","Lyonia ferruginea","19","8110.789474","998.008716","228.958902","1647022.448956"
"193","Phyllodoce nipponica","4","7.15","3.002776","1.501388","3.978574","Phyllodoce nipponica","4","1570.5","379.097613","189.548806","50440.571116","Phyllodoce nipponica","4","836.75","289.46891","144.734455","9462.868358","Phyllodoce nipponica","4","22703","15114.806207","7557.403104","7823356.632539"
"194","Harrimanella hypnoides","98","-0.258163","2.576297","0.260245","0.162391","Harrimanella hypnoides","98","905.816327","517.968461","52.322716","2058.798821","Harrimanella hypnoides","98","518.928571","96.334924","9.731297","386.239525","Harrimanella hypnoides","98","17251.367347","9460.308735","955.635494","319320.678879"
"195","Leucothoe davisiae","10","8.12","2.490783","0.787655","1.59143","Leucothoe davisiae","10","1196.4","180.810644","57.177346","20176.228447","Leucothoe davisiae","10","1420","201.947738","63.861482","3785.147343","Leucothoe davisiae","10","10501.4","3750.009013","1185.856973","3129342.653016"
"196","Pyrola rotundifolia","314","3.85828","3.322901","0.187522","0.050682","Pyrola rotundifolia","314","663.952229","220.022656","12.416597","642.555046","Pyrola rotundifolia","304","718.1875","130.270578","7.47153","124.511426","Pyrola rotundifolia","304","9605.822368","4073.483562","233.630305","102938.90306"
"197","Leucopogon obtectus","3","18.766667","1.386843","0.800694","5.304766","Leucopogon obtectus","3","454.333333","114.762073","66.257914","67254.094822","Leucopogon obtectus","3","2212.666667","76.159919","43.97095","12617.157811","Leucopogon obtectus","3","1931","429.590503","248.024193","10431142.176719"
"198","Leucopogon hispidus","3","20","0.2","0.11547","5.304766","Leucopogon hispidus","3","431","37.802116","21.825062","67254.094822","Leucopogon hispidus","3","2337","11.789826","6.806859","12617.157811","Leucopogon hispidus","3","1737.666667","314.967194","181.846394","10431142.176719"
"199","Dracophyllum acerosum","4","7.175","1.682013","0.841006","3.978574","Dracophyllum acerosum","4","2221.75","1225.108261","612.554131","50440.571116","Dracophyllum acerosum","4","1149.75","31.91003","15.955015","9462.868358","Dracophyllum acerosum","4","18498.25","7957.302699","3978.651349","7823356.632539"
"200","Dracophyllum patens","2","13.2","1.697056","1.2","7.957148","Dracophyllum patens","2","2594","601.040764","425","100881.142233","Dracophyllum patens","2","1125.5","72.831998","51.5","18925.736717","Dracophyllum patens","2","18308.5","2853.175862","2017.5","15646713.265078"
"201","Dracophyllum strictum","9","12.677778","0.982061","0.327354","1.768255","Dracophyllum strictum","9","1492.444444","347.938612","115.979537","22418.031607","Dracophyllum strictum","9","1142","55.731499","18.577166","4205.71927","Dracophyllum strictum","9","13338.777778","2680.98507","893.66169","3477047.39224"
"202","Leucopogon pubescens","3","16.3","2.007486","1.159023","5.304766","Leucopogon pubescens","3","523.333333","66.680832","38.498196","67254.094822","Leucopogon pubescens","3","1920.666667","387.51172","223.729996","12617.157811","Leucopogon pubescens","3","2770.333333","732.974988","423.183307","10431142.176719"
"203","Leucopogon pogonocalyx","1","14.6",NA,NA,"15.914297","Leucopogon pogonocalyx","1","523",NA,NA,"201762.284466","Leucopogon pogonocalyx","1","1563",NA,NA,"37851.473434","Leucopogon pogonocalyx","1","3274",NA,NA,"31293426.530156"
"204","Dracophyllum menziesii","9","7.2","1.899342","0.633114","1.768255","Dracophyllum menziesii","9","2799.444444","821.774317","273.924772","22418.031607","Dracophyllum menziesii","8","1010.875","69.562793","24.594161","4731.434179","Dracophyllum menziesii","8","27795.5","7894.873309","2791.259227","3911678.316269"
"205","Bejaria resinosa","33","13.306061","3.868377","0.673398","0.482251","Bejaria resinosa","33","1600.151515","724.190415","126.06537","6114.00862","Bejaria resinosa","33","1202","135.600747","23.60506","1147.014346","Bejaria resinosa","33","12644.818182","3935.423107","685.06923","948285.652429"
"206","Enkianthus chinensis","62","14.866129","3.613678","0.458938","0.256682","Enkianthus chinensis","62","1257.967742","300.510984","38.164933","3254.230395","Enkianthus chinensis","62","1141.741935","145.469048","18.474588","610.507636","Enkianthus chinensis","62","10972.774194","2440.491226","309.942696","504732.68597"
"207","Rhododendron ovatum","75","17.604","2.324571","0.268418","0.212191","Rhododendron ovatum","75","1525.253333","351.766588","40.618507","2690.163793","Rhododendron ovatum","75","1232.986667","114.037511","13.167918","504.686312","Rhododendron ovatum","75","12492.866667","2953.329254","341.021088","417245.687069"
"208","Rhododendron mariesii","91","17.121978","2.889321","0.302883","0.174882","Rhododendron mariesii","91","1420.428571","501.941943","52.617813","2217.167961","Rhododendron mariesii","91","1230.351648","108.881013","11.413831","415.950258","Rhododendron mariesii","91","11525.054945","3816.830556","400.11256","343883.808024"
"209","Rhododendron henryi","15","20.266667","1.734798","0.447923","1.060953","Rhododendron henryi","15","1704.266667","158.2798","40.867669","13450.818964","Rhododendron henryi","15","1340.133333","51.482128","13.292628","2523.431562","Rhododendron henryi","15","12312.8","949.620842","245.191047","2086228.435344"
"210","Rhododendron farrerae","28","19.335714","2.288977","0.432576","0.568368","Rhododendron farrerae","28","1689.25","545.520385","103.093662","7205.795874","Rhododendron farrerae","28","1291.678571","107.24187","20.266808","1351.838337","Rhododendron farrerae","28","12672.714286","3219.828772","608.490442","1117622.376077"
"211","Pieris formosa","84","15.396429","3.49359","0.381182","0.189456","Pieris formosa","84","1266.071429","369.290162","40.29286","2401.931958","Pieris formosa","84","1185.690476","118.623834","12.942921","450.612779","Pieris formosa","84","10823.047619","3156.614008","344.414825","372540.792026"
"212","Enkianthus quinqueflorus","21","19.638095","2.66786","0.582175","0.757824","Enkianthus quinqueflorus","21","1604.47619","296.815535","64.77046","9607.727832","Enkianthus quinqueflorus","21","1291.809524","107.444692","23.446354","1802.451116","Enkianthus quinqueflorus","21","12347.714286","2694.243718","587.93218","1490163.168103"
"213","Craibiodendron yunnanense","7","14.471429","1.705593","0.644654","2.273471","Craibiodendron yunnanense","7","1240.714286","204.348325","77.236407","28823.183495","Craibiodendron yunnanense","7","1272","68.762878","25.989925","5407.353348","Craibiodendron yunnanense","7","9317.714286","2261.422393","854.737323","4470489.504308"
"214","Rhododendron mucronulatum","36","8.588889","3.629937","0.604989","0.442064","Rhododendron mucronulatum","36","1107.833333","308.379682","51.396614","5604.507902","Rhododendron mucronulatum","34","1038.676471","100.73058","17.275152","1113.27863","Rhododendron mucronulatum","34","10461.205882","2537.695767","435.211234","920394.897946"
"215","Rhododendron yunnanense","26","11.423077","4.629152","0.907851","0.612088","Rhododendron yunnanense","26","960.153846","177.148456","34.741671","7760.087864","Rhododendron yunnanense","26","1147.576923","153.250168","30.054831","1455.825901","Rhododendron yunnanense","26","8142.692308","1997.870342","391.81461","1203593.328083"
"216","Rhododendron calophytum","6","13.033333","4.727649","1.930055","2.652383","Rhododendron calophytum","6","1036.166667","208.649387","85.180756","33627.047411","Rhododendron calophytum","6","1101.166667","61.134006","24.957853","6308.578906","Rhododendron calophytum","6","9477.833333","1931.109051","788.371969","5215571.088359"
"217","Gaultheria griffithiana","8","10.9","2.721869","0.962326","1.989287","Gaultheria griffithiana","8","1103.75","180.832796","63.934048","25220.285558","Gaultheria griffithiana","8","1127.375","159.296612","56.319857","4731.434179","Gaultheria griffithiana","8","9376.25","1983.099936","701.131706","3911678.316269"
"218","Rhododendron auriculatum","8","14.4375","1.550058","0.548028","1.989287","Rhododendron auriculatum","8","1251.75","238.740594","84.407546","25220.285558","Rhododendron auriculatum","8","1110","71.472272","25.269264","4731.434179","Rhododendron auriculatum","8","11564","2195.479837","776.21934","3911678.316269"
"219","Rhododendron beesianum","13","9.346154","4.774344","1.324165","1.224177","Rhododendron beesianum","13","990.307692","210.551413","58.396455","15520.175728","Rhododendron beesianum","13","1125.769231","198.03289","54.924441","2911.651803","Rhododendron beesianum","13","8480.076923","2129.052742","590.492987","2407186.656166"
"220","Dracophyllum involucratum","1","17.4",NA,NA,"15.914297","Dracophyllum involucratum","1","2255",NA,NA,"201762.284466","Dracophyllum involucratum","1","1364",NA,NA,"37851.473434","Dracophyllum involucratum","1","25360",NA,NA,"31293426.530156"
"221","Dracophyllum alticola","1","18",NA,NA,"15.914297","Dracophyllum alticola","1","2290",NA,NA,"201762.284466","Dracophyllum alticola","1","1380",NA,NA,"37851.473434","Dracophyllum alticola","1","22158",NA,NA,"31293426.530156"
"222","Dracophyllum ouaiemense","1","21.2",NA,NA,"15.914297","Dracophyllum ouaiemense","1","1989",NA,NA,"201762.284466","Dracophyllum ouaiemense","1","1660",NA,NA,"37851.473434","Dracophyllum ouaiemense","1","18689",NA,NA,"31293426.530156"
"223","Empetrum eamesii","43","2.253488","2.68207","0.409012","0.3701","Empetrum eamesii","43","1125.44186","183.665755","28.008765","4692.14615","Empetrum eamesii","37","707.405405","100.676451","16.551107","1023.012796","Empetrum eamesii","37","17405.675676","3167.714669","520.769084","845768.284599"
"224","Rhododendron canadense","14","5.964286","1.590166","0.42499","1.136735","Rhododendron canadense","14","1118.5","92.690345","24.772537","14411.591748","Rhododendron canadense","14","948.428571","91.892675","24.55935","2703.676674","Rhododendron canadense","14","12447","1324.103703","353.8816","2235244.752154"
"225","Dracophyllum pronum","16","7.0875","1.535307","0.383827","0.994644","Dracophyllum pronum","16","2145.0625","917.478099","229.369525","12610.142779","Dracophyllum pronum","16","1058","81.763888","20.440972","2365.71709","Dracophyllum pronum","16","24621.375","8444.84533","2111.211332","1955839.158135"
"226","Notopora schomburgkii","7","21.614286","4.198186","1.586765","2.273471","Notopora schomburgkii","7","2269.142857","167.23579","63.209187","28823.183495","Notopora schomburgkii","7","1580.428571","79.269282","29.960972","5407.353348","Notopora schomburgkii","7","13963.142857","864.699838","326.825819","4470489.504308"
"227","Bryanthus gmelinii","7","-4.042857","3.784115","1.430261","2.273471","Bryanthus gmelinii","7","944.285714","153.8611","58.15403","28823.183495","Bryanthus gmelinii","7","538.714286","91.92699","34.745136","5407.353348","Bryanthus gmelinii","7","17059.142857","5436.556153","2054.825081","4470489.504308"
"228","Enkianthus subsessilis","4","8.975","3.578058","1.789029","3.978574","Enkianthus subsessilis","4","1640.25","296.137778","148.068889","50440.571116","Enkianthus subsessilis","4","970.25","177.486854","88.743427","9462.868358","Enkianthus subsessilis","4","16894","5512.155537","2756.077768","7823356.632539"
"229","Enkianthus perulatus","16","12.7125","2.625992","0.656498","0.994644","Enkianthus perulatus","16","1952.1875","425.317328","106.329332","12610.142779","Enkianthus perulatus","16","1129.25","157.199449","39.299862","2365.71709","Enkianthus perulatus","16","17046.5","4467.566332","1116.891583","1955839.158135"
"230","Enkianthus cernuus","18","10.5","2.082702","0.490898","0.884128","Enkianthus cernuus","18","2318.388889","416.974839","98.281912","11209.015804","Enkianthus cernuus","18","994.277778","146.133221","34.443931","2102.859635","Enkianthus cernuus","18","24344.944444","6559.613049","1546.115623","1738523.69612"
"231","Rhododendron tanakae","2","9.35","1.484924","1.05","7.957148","Rhododendron tanakae","2","1518","653.366666","462","100881.142233","Rhododendron tanakae","2","955.5","36.062446","25.5","18925.736717","Rhododendron tanakae","2","15773","6699.129645","4737","15646713.265078"
"232","Rhododendron oldhamii","1","21.3",NA,NA,"15.914297","Rhododendron oldhamii","1","3228",NA,NA,"201762.284466","Rhododendron oldhamii","1","1315",NA,NA,"37851.473434","Rhododendron oldhamii","1","24247",NA,NA,"31293426.530156"
"233","Orthaea venamensis","1","20.6",NA,NA,"15.914297","Orthaea venamensis","1","1714",NA,NA,"201762.284466","Orthaea venamensis","1","1454",NA,NA,"37851.473434","Orthaea venamensis","1","13963",NA,NA,"31293426.530156"
"234","Psammisia ulbrichiana","35","19.282857","3.713844","0.627754","0.454694","Psammisia ulbrichiana","35","2217.8","1042.597599","176.231159","5764.636699","Psammisia ulbrichiana","35","1318.857143","139.329306","23.550951","1081.47067","Psammisia ulbrichiana","35","15728.771429","7577.610449","1280.849942","894097.900862"
"235","Kalmia hirsuta","17","19.541176","0.739137","0.179267","0.936135","Kalmia hirsuta","17","1346.352941","135.547474","32.875091","11868.369674","Kalmia hirsuta","16","1621.4375","31.493849","7.873462","2365.71709","Kalmia hirsuta","16","8542.0625","1017.759334","254.439834","1955839.158135"
"236","Anthopterus wardii","12","21.983333","4.646178","1.341236","1.326191","Anthopterus wardii","12","3518.916667","1571.62611","453.689379","16813.523705","Anthopterus wardii","12","1374.083333","156.595285","45.205165","3154.289453","Anthopterus wardii","12","23591.416667","11219.355706","3238.749018","2607785.54418"
"237","Disterigma ovatum","9","17.222222","3.781791","1.260597","1.768255","Disterigma ovatum","9","1361","481.243701","160.414567","22418.031607","Disterigma ovatum","9","1356","96.661781","32.220594","4205.71927","Disterigma ovatum","9","9431.111111","2474.643936","824.881312","3477047.39224"
"238","Bejaria racemosa","11","21.745455","1.07272","0.323437","1.446754","Bejaria racemosa","11","1304.818182","54.894113","16.551198","18342.025861","Bejaria racemosa","11","1729.181818","70.540511","21.268764","3441.043039","Bejaria racemosa","11","7496.909091","604.545524","182.277334","2844856.957287"
"239","Rhododendron chamberlainii","5","6.5","2.222611","0.993982","3.182859","Rhododendron chamberlainii","5","1002.2","314.133252","140.484661","40352.456893","Rhododendron chamberlainii","5","944","178.181088","79.685005","7570.294687","Rhododendron chamberlainii","5","11014.6","3379.426549","1511.325498","6258685.306031"
"240","Polyclita turbinata","3","17.7","2.505993","1.446836","5.304766","Polyclita turbinata","3","1270","466.780462","269.495825","67254.094822","Polyclita turbinata","3","1568","54.286278","31.342197","12617.157811","Polyclita turbinata","3","6679.666667","1825.176795","1053.766314","10431142.176719"
"241","Rhododendron vernicosum","32","9.165625","5.800812","1.025448","0.497322","Rhododendron vernicosum","32","912.21875","208.991701","36.944862","6305.07139","Rhododendron vernicosum","32","1095.15625","250.244282","44.237357","1182.858545","Rhododendron vernicosum","32","8444.9375","3176.697656","561.566114","977919.579067"
"242","Gaultheria hypochlora","2","8.95","2.333452","1.65","7.957148","Gaultheria hypochlora","2","929","4.242641","3","100881.142233","Gaultheria hypochlora","2","1095.5","105.35891","74.5","18925.736717","Gaultheria hypochlora","2","8595.5","1508.258764","1066.5","15646713.265078"
"243","Rhododendron lukiangense","5","10.88","3.295755","1.473906","3.182859","Rhododendron lukiangense","5","1091.2","165.201998","73.88058","40352.456893","Rhododendron lukiangense","5","1067.2","155.66374","69.614941","7570.294687","Rhododendron lukiangense","5","10077.8","2495.179493","1115.878192","6258685.306031"
"244","Rhododendron rubiginosum","26","11.092308","4.595992","0.901348","0.612088","Rhododendron rubiginosum","26","1000.692308","189.521243","37.168174","7760.087864","Rhododendron rubiginosum","26","1141.923077","162.700196","31.908134","1455.825901","Rhododendron rubiginosum","26","8471.038462","1897.683862","372.166425","1203593.328083"
"245","Rhododendron telmateium","10","7.13","3.232491","1.022203","1.59143","Rhododendron telmateium","10","826.6","176.039263","55.668503","20176.228447","Rhododendron telmateium","10","1100.2","145.38898","45.976032","3785.147343","Rhododendron telmateium","10","6994.1","1590.473895","502.952007","3129342.653016"
"246","Gaultheria sinensis","4","10.725","3.822194","1.911097","3.978574","Gaultheria sinensis","4","1041.25","85.10141","42.550705","50440.571116","Gaultheria sinensis","4","1062.25","234.867871","117.433936","9462.868358","Gaultheria sinensis","4","8815.25","2013.897775","1006.948887","7823356.632539"
"247","Cassiope pectinata","5","5.52","2.523292","1.12845","3.182859","Cassiope pectinata","5","800.6","111.300494","49.775094","40352.456893","Cassiope pectinata","5","980","176.512039","78.938584","7570.294687","Cassiope pectinata","5","8273.6","2105.041876","941.403346","6258685.306031"
"248","Rhododendron thomsonii","6","4.383333","5.319931","2.171853","2.652383","Rhododendron thomsonii","6","630.5","397.633877","162.333351","33627.047411","Rhododendron thomsonii","6","1099.333333","163.843421","66.888797","6308.578906","Rhododendron thomsonii","6","6933.666667","3542.325432","1446.148302","5215571.088359"
"249","Rhododendron wardii","12","7.466667","4.480124","1.2933","1.326191","Rhododendron wardii","12","908.583333","240.74825","69.498033","16813.523705","Rhododendron wardii","12","1092.666667","173.421365","50.062436","3154.289453","Rhododendron wardii","12","7666.583333","2015.109988","581.712147","2607785.54418"
"250","Rhododendron fragariflorum","2","8.55","13.222897","9.35","7.957148","Rhododendron fragariflorum","2","1227","1305.319118","923","100881.142233","Rhododendron fragariflorum","2","1164","236.173665","167","18925.736717","Rhododendron fragariflorum","2","8019.5","5916.362438","4183.5","15646713.265078"
"251","Rhododendron tapetiforme","2","8.4","4.525483","3.2","7.957148","Rhododendron tapetiforme","2","869","209.303607","148","100881.142233","Rhododendron tapetiforme","2","1109.5","174.655375","123.5","18925.736717","Rhododendron tapetiforme","2","7641.5","1127.835316","797.5","15646713.265078"
"252","Rhododendron vaccinioides","4","11.925","4.010299","2.00515","3.978574","Rhododendron vaccinioides","4","1268","239.289225","119.644612","50440.571116","Rhododendron vaccinioides","4","1160","197.742256","98.871128","9462.868358","Rhododendron vaccinioides","4","10776.25","489.352889","244.676444","7823356.632539"
"253","Rhododendron catawbiense","25","11.764","2.052413","0.410483","0.636572","Rhododendron catawbiense","25","1261.24","235.118991","47.023798","8070.491379","Rhododendron catawbiense","25","1254.52","130.952956","26.190591","1514.058937","Rhododendron catawbiense","25","10400.72","2758.417519","551.683504","1251737.061206"
"254","Rhododendron impeditum","9","9.355556","4.317149","1.43905","1.768255","Rhododendron impeditum","9","891.222222","106.673307","35.557769","22418.031607","Rhododendron impeditum","9","1209.333333","100.555955","33.518652","4205.71927","Rhododendron impeditum","9","6487.666667","677.561067","225.853689","3477047.39224"
"255","Rhododendron xanthostephanum","4","11.2","4.641121","2.32056","3.978574","Rhododendron xanthostephanum","4","1263","368.413717","184.206858","50440.571116","Rhododendron xanthostephanum","4","1099.75","211.075618","105.537809","9462.868358","Rhododendron xanthostephanum","4","11955.25","1716.59088","858.29544","7823356.632539"
"256","Elliottia bracteata","21","5.257143","2.78057","0.60677","0.757824","Elliottia bracteata","21","1697.428571","352.447098","76.910262","9607.727832","Elliottia bracteata","21","714.666667","174.116149","37.995259","1802.451116","Elliottia bracteata","21","25547.142857","12484.374583","2724.313882","1490163.168103"
"257","Gaultheria pyrolifolia","5","5.28","5.498818","2.459146","3.182859","Gaultheria pyrolifolia","5","2196.8","256.551554","114.733343","40352.456893","Gaultheria pyrolifolia","5","699.2","295.308652","132.066044","7570.294687","Gaultheria pyrolifolia","5","33887.2","17909.196316","8009.236077","6258685.306031"
"258","Ceratiola ericoides","17","21.111765","1.469218","0.356338","0.936135","Ceratiola ericoides","17","1365.647059","130.674185","31.693145","11868.369674","Ceratiola ericoides","16","1705.25","90.637373","22.659343","2365.71709","Ceratiola ericoides","16","8144.875","1114.349429","278.587357","1955839.158135"
"259","Eubotrys racemosa","28","15.414286","3.45465","0.652867","0.568368","Eubotrys racemosa","28","1259.821429","134.967226","25.506408","7205.795874","Eubotrys racemosa","28","1440.75","174.647714","33.005316","1351.838337","Eubotrys racemosa","28","8907.25","1109.247413","209.628057","1117622.376077"
"260","Gaultheria antipoda","30","11.56","2.875053","0.52491","0.530477","Gaultheria antipoda","30","1740.733333","887.721956","162.075113","6725.409482","Gaultheria antipoda","29","1127.62069","88.478978","16.430134","1305.223222","Gaultheria antipoda","29","14812.206897","8209.861354","1524.532981","1079083.673454"
"261","Plutarchia ecuadorensis","4","10.35","2.547548","1.273774","3.978574","Plutarchia ecuadorensis","4","1002","264.534812","132.267406","50440.571116","Plutarchia ecuadorensis","4","957.75","93.225086","46.612543","9462.868358","Plutarchia ecuadorensis","4","10327.75","4204.714051","2102.357026","7823356.632539"
"262","Diplycosia acuminata","4","23.3","3.789459","1.894729","3.978574","Diplycosia acuminata","4","3032.75","493.354082","246.677041","50440.571116","Diplycosia acuminata","4","1400.75","68.592395","34.296198","9462.868358","Diplycosia acuminata","4","23207.25","4976.356591","2488.178295","7823356.632539"
"263","Costera endertii","3","21.466667","4.359281","2.516832","5.304766","Costera endertii","3","2813.666667","36.170891","20.883274","67254.094822","Costera endertii","3","1408.333333","144.375667","83.35533","12617.157811","Costera endertii","3","21070","3635.097798","2098.724692","10431142.176719"
"264","Erica sicula","3","18.466667","0.723418","0.417666","5.304766","Erica sicula","3","418.333333","145.135569","83.79406","67254.094822","Erica sicula","1","1913",NA,NA,"37851.473434","Erica sicula","1","1170",NA,NA,"31293426.530156"
"265","Dracophyllum cosmelioides","1","22",NA,NA,"15.914297","Dracophyllum cosmelioides","1","2031",NA,NA,"201762.284466","Dracophyllum cosmelioides","1","1627",NA,NA,"37851.473434","Dracophyllum cosmelioides","1","14541",NA,NA,"31293426.530156"
"266","Thibaudia litensis","2","22.3","1.131371","0.8","7.957148","Thibaudia litensis","2","2394","403.050865","285","100881.142233","Thibaudia litensis","2","1149.5","115.258405","81.5","18925.736717","Thibaudia litensis","2","16539.5","201.525433","142.5","15646713.265078"
"267","Themistoclesia costaricensis","9","20.288889","2.502221","0.834074","1.768255","Themistoclesia costaricensis","9","3104","578.892909","192.964303","22418.031607","Themistoclesia costaricensis","9","1395.666667","136.401063","45.467021","4205.71927","Themistoclesia costaricensis","9","21524","5612.413986","1870.804662","3477047.39224"
"268","Diogenesia alstoniana","1","18.7",NA,NA,"15.914297","Diogenesia alstoniana","1","2036",NA,NA,"201762.284466","Diogenesia alstoniana","1","1221",NA,NA,"37851.473434","Diogenesia alstoniana","1","14453",NA,NA,"31293426.530156"
"269","Rhododendron hirsutum","14","5.778571","2.411568","0.644519","1.136735","Rhododendron hirsutum","14","1082.142857","199.302575","53.265854","14411.591748","Rhododendron hirsutum","14","848.428571","79.388736","21.217532","2703.676674","Rhododendron hirsutum","14","15322.071429","6840.982863","1828.329576","2235244.752154"
"270","Rhododendron glischrum","2","8.45","0.212132","0.15","7.957148","Rhododendron glischrum","2","1037","124.450793","88","100881.142233","Rhododendron glischrum","2","1020","79.195959","56","18925.736717","Rhododendron glischrum","2","9128.5","2095.157393","1481.5","15646713.265078"
"271","Zenobia pulverulenta","10","16.15","0.897218","0.283725","1.59143","Zenobia pulverulenta","10","1236","77.114633","24.385788","20176.228447","Zenobia pulverulenta","10","1485.7","77.723227","24.578242","3785.147343","Zenobia pulverulenta","10","8407.5","564.831784","178.615493","3129342.653016"
"272","Ceratostema megabracteatum","1","16",NA,NA,"15.914297","Ceratostema megabracteatum","1","2215",NA,NA,"201762.284466","Ceratostema megabracteatum","1","1076",NA,NA,"37851.473434","Ceratostema megabracteatum","1","21718",NA,NA,"31293426.530156"
"273","Elliottia racemosa","3","15.933333","3.69098","2.130988","5.304766","Elliottia racemosa","3","1166.333333","44.049215","25.431826","67254.094822","Elliottia racemosa","3","1467.333333","168.62483","97.355591","12617.157811","Elliottia racemosa","3","7995.666667","822.562054","474.906423","10431142.176719"
"274","Dracophyllum kirkii","8","7.075","2.06034","0.72844","1.989287","Dracophyllum kirkii","8","2763.125","666.9021","235.785499","25220.285558","Dracophyllum kirkii","8","1044.25","86.230174","30.48697","4731.434179","Dracophyllum kirkii","8","29934.75","12886.696471","4556.135231","3911678.316269"
"275","Erica carnea","35","7.9","3.001568","0.507358","0.454694","Erica carnea","35","971.571429","236.075422","39.904029","5764.636699","Erica carnea","35","923.542857","122.133809","20.644382","1081.47067","Erica carnea","35","11333.657143","3922.400068","663.006621","894097.900862"
"276","Rhododendron fulvum","10","12.83","4.494948","1.421427","1.59143","Rhododendron fulvum","10","1130.2","238.33021","75.36663","20176.228447","Rhododendron fulvum","10","1232","166.71266","52.719172","3785.147343","Rhododendron fulvum","10","9377.2","2164.639041","684.518968","3129342.653016"
"277","Gaultheria dumicola","4","13.4","2.523225","1.261612","3.978574","Gaultheria dumicola","4","1378.5","139.390339","69.69517","50440.571116","Gaultheria dumicola","4","1183","140.173702","70.086851","9462.868358","Gaultheria dumicola","4","11309.5","1482.672025","741.336013","7823356.632539"
"278","Rhododendron anthosphaerum","11","13.727273","2.216795","0.668389","1.446754","Rhododendron anthosphaerum","11","1167.545455","249.045523","75.090051","18342.025861","Rhododendron anthosphaerum","11","1233.090909","92.954241","28.026758","3441.043039","Rhododendron anthosphaerum","11","9110","2611.607359","787.429246","2844856.957287"
"279","Gaultheria tetramera","4","15.95","2.353012","1.176506","3.978574","Gaultheria tetramera","4","1333.5","267.998134","133.999067","50440.571116","Gaultheria tetramera","4","1314.75","83.312164","41.656082","9462.868358","Gaultheria tetramera","4","10732","2691.730422","1345.865211","7823356.632539"
"280","Gaultheria albiflora","2","10.5","5.939697","4.2","7.957148","Gaultheria albiflora","2","1028.5","475.882864","336.5","100881.142233","Gaultheria albiflora","2","1122","171.119841","121","18925.736717","Gaultheria albiflora","2","8848","3647.256777","2579","15646713.265078"
"281","Ceratostema silvicola","1","23.9",NA,NA,"15.914297","Ceratostema silvicola","1","3654",NA,NA,"201762.284466","Ceratostema silvicola","1","1159",NA,NA,"37851.473434","Ceratostema silvicola","1","36779",NA,NA,"31293426.530156"
"282","Gonocalyx costaricensis","1","18.8",NA,NA,"15.914297","Gonocalyx costaricensis","1","2956",NA,NA,"201762.284466","Gonocalyx costaricensis","1","1616",NA,NA,"37851.473434","Gonocalyx costaricensis","1","14219",NA,NA,"31293426.530156"
"283","Pieris floribunda","9","10.266667","2.142429","0.714143","1.768255","Pieris floribunda","9","1301.555556","325.308358","108.436119","22418.031607","Pieris floribunda","9","1178.777778","112.594158","37.531386","4205.71927","Pieris floribunda","9","11305.333333","3264.856237","1088.285412","3477047.39224"
"284","Rhododendron sinogrande","5","9.9","5.225419","2.336878","3.182859","Rhododendron sinogrande","5","1114.4","297.008922","132.826428","40352.456893","Rhododendron sinogrande","5","1034.4","254.826019","113.96166","7570.294687","Rhododendron sinogrande","5","10237.6","602.373887","269.389792","6258685.306031"
"285","Rhododendron arizelum","2","4.15","3.323402","2.35","7.957148","Rhododendron arizelum","2","817","175.362482","124","100881.142233","Rhododendron arizelum","2","838.5","70.003571","49.5","18925.736717","Rhododendron arizelum","2","9632.5","905.803787","640.5","15646713.265078"
"286","Rhododendron keleticum","1","6.6",NA,NA,"15.914297","Rhododendron keleticum","1","950",NA,NA,"201762.284466","Rhododendron keleticum","1","852",NA,NA,"37851.473434","Rhododendron keleticum","1","10259",NA,NA,"31293426.530156"
"287","Rhododendron zaleucum","2","10.45","0.494975","0.35","7.957148","Rhododendron zaleucum","2","1340.5","13.435029","9.5","100881.142233","Rhododendron zaleucum","2","1025.5","9.192388","6.5","18925.736717","Rhododendron zaleucum","2","12634.5","552.250396","390.5","15646713.265078"
"288","Gaultheria praticola","1","12.9",NA,NA,"15.914297","Gaultheria praticola","1","1278",NA,NA,"201762.284466","Gaultheria praticola","1","1217",NA,NA,"37851.473434","Gaultheria praticola","1","12314",NA,NA,"31293426.530156"
"289","Gaultheria wardii","4","13.125","5.347507","2.673754","3.978574","Gaultheria wardii","4","1704.25","834.140026","417.070013","50440.571116","Gaultheria wardii","4","1207","117.703016","58.851508","9462.868358","Gaultheria wardii","4","13201.25","2829.78814","1414.89407","7823356.632539"
"290","Gaultheria dolichopoda","2","12.25","7.990307","5.65","7.957148","Gaultheria dolichopoda","2","1550","848.528137","600","100881.142233","Gaultheria dolichopoda","2","1139","271.529004","192","18925.736717","Gaultheria dolichopoda","2","11419","1108.743433","784","15646713.265078"
"291","Rhododendron floccigerum","5","10.06","3.330616","1.489497","3.182859","Rhododendron floccigerum","5","962.6","235.775953","105.442212","40352.456893","Rhododendron floccigerum","5","1172","86.206148","38.552561","7570.294687","Rhododendron floccigerum","5","7637.2","2677.959988","1197.620115","6258685.306031"
"292","Eubotrys recurva","3","10.766667","2.159475","1.246773","5.304766","Eubotrys recurva","3","1679","274.282701","158.357191","67254.094822","Eubotrys recurva","3","1225.666667","150.513565","86.899047","12617.157811","Eubotrys recurva","3","13522","2363.707469","1364.687144","10431142.176719"
"293","Oreanthes glanduliferus","1","23.5",NA,NA,"15.914297","Oreanthes glanduliferus","1","1295",NA,NA,"201762.284466","Oreanthes glanduliferus","1","1430",NA,NA,"37851.473434","Oreanthes glanduliferus","1","7123",NA,NA,"31293426.530156"
"294","Rhododendron monanthum","2","6.35","2.192031","1.55","7.957148","Rhododendron monanthum","2","900","152.735065","108","100881.142233","Rhododendron monanthum","2","932.5","130.814755","92.5","18925.736717","Rhododendron monanthum","2","10279.5","1424.820164","1007.5","15646713.265078"
"295","Rhododendron hippophaeoides","6","9.183333","4.818471","1.967133","2.652383","Rhododendron hippophaeoides","6","914.333333","163.77627","66.861382","33627.047411","Rhododendron hippophaeoides","6","1066.833333","301.804186","123.211043","6308.578906","Rhododendron hippophaeoides","6","8535.333333","4510.954119","1841.589307","5215571.088359"
"296","Gaultheria cuneata","10","11.1","5.10098","1.613072","1.59143","Gaultheria cuneata","10","987.4","194.845922","61.615691","20176.228447","Gaultheria cuneata","10","1041.5","175.593755","55.527621","3785.147343","Gaultheria cuneata","10","9351.6","1556.590876","492.237255","3129342.653016"
"297","Rhododendron williamsianum","3","13.7","6.331666","3.655589","5.304766","Rhododendron williamsianum","3","1132.333333","278.858985","160.99931","67254.094822","Rhododendron williamsianum","3","1090","67.26812","38.837267","12617.157811","Rhododendron williamsianum","3","10273.666667","3519.016956","2031.705387","10431142.176719"
"298","Rhododendron lepidotum","5","1.68","3.469438","1.55158","3.182859","Rhododendron lepidotum","5","614.8","223.334279","99.878126","40352.456893","Rhododendron lepidotum","5","1036.2","162.492154","72.6687","7570.294687","Rhododendron lepidotum","5","5682","2046.443378","915.197301","6258685.306031"
"299","Astroloma pinifolium","4","13.375","2.655027","1.327514","3.978574","Astroloma pinifolium","4","978.75","296.209807","148.104904","50440.571116","Astroloma pinifolium","4","1340.5","164.983838","82.491919","9462.868358","Astroloma pinifolium","4","7032.5","1783.486193","891.743096","7823356.632539"
"300","Erica azorica","1","16.6",NA,NA,"15.914297","Erica azorica","1","1029",NA,NA,"201762.284466","Erica azorica","1","1268",NA,NA,"37851.473434","Erica azorica","1","8912",NA,NA,"31293426.530156"
"301","Dracophyllum muscoides","6","3.716667","1.205681","0.492217","2.652383","Dracophyllum muscoides","6","2197","773.872599","315.932166","33627.047411","Dracophyllum muscoides","6","1041.333333","61.753273","25.210668","6308.578906","Dracophyllum muscoides","6","32023.166667","8973.327842","3663.345751","5215571.088359"
"302","Richea alpina","1","7",NA,NA,"15.914297","Richea alpina","1","1631",NA,NA,"201762.284466","Richea alpina","1","871",NA,NA,"37851.473434","Richea alpina","1","20508",NA,NA,"31293426.530156"
"303","Rhododendron cerasinum","4","4.925","5.440818","2.720409","3.978574","Rhododendron cerasinum","4","800.25","358.894019","179.44701","50440.571116","Rhododendron cerasinum","4","923.25","196.745817","98.372908","9462.868358","Rhododendron cerasinum","4","9934.5","2923.395457","1461.697728","7823356.632539"
"304","Rhododendron championiae","13","18.946154","1.728012","0.479264","1.224177","Rhododendron championiae","13","1662.461538","167.691987","46.509389","15520.175728","Rhododendron championiae","13","1274.846154","49.00314","13.591026","2911.651803","Rhododendron championiae","13","12618.692308","849.082876","235.493219","2407186.656166"
"305","Dracophyllum arboreum","1","11.5",NA,NA,"15.914297","Dracophyllum arboreum","1","916",NA,NA,"201762.284466","Dracophyllum arboreum","1","921",NA,NA,"37851.473434","Dracophyllum arboreum","1","10123",NA,NA,"31293426.530156"
"306","Dracophyllum trimorphum","1","12.7",NA,NA,"15.914297","Dracophyllum trimorphum","1","2481",NA,NA,"201762.284466","Dracophyllum trimorphum","0","NaN",NA,NA,"Inf","Dracophyllum trimorphum","0","NaN",NA,NA,"Inf"
"307","Dracophyllum ophioliticum","2","8.3","0","0","7.957148","Dracophyllum ophioliticum","2","2309","0","0","100881.142233","Dracophyllum ophioliticum","2","1007","2.828427","2","18925.736717","Dracophyllum ophioliticum","2","21342.5","993.485028","702.5","15646713.265078"
"308","Dracophyllum townsonii","1","11.5",NA,NA,"15.914297","Dracophyllum townsonii","1","2866",NA,NA,"201762.284466","Dracophyllum townsonii","1","1038",NA,NA,"37851.473434","Dracophyllum townsonii","1","19909",NA,NA,"31293426.530156"
"309","Brachyloma baxteri","1","15.4",NA,NA,"15.914297","Brachyloma baxteri","1","635",NA,NA,"201762.284466","Brachyloma baxteri","1","1452",NA,NA,"37851.473434","Brachyloma baxteri","1","5226",NA,NA,"31293426.530156"
"310","Kalmiopsis fragrans","1","8.8",NA,NA,"15.914297","Kalmiopsis fragrans","1","1357",NA,NA,"201762.284466","Kalmiopsis fragrans","1","1319",NA,NA,"37851.473434","Kalmiopsis fragrans","1","9759",NA,NA,"31293426.530156"
