Species,Dispersal_mode
Beccarianthus_pulcherrimus,Abiotic
Astronidium_montanum,Abiotic
Astronidium_morobiense,Abiotic
Astronia_macrophylla,Abiotic
Astronia_smilacifolia,Abiotic
Astronia_cumingiana,Abiotic
Astronia_ferruginea,Abiotic
Astronia_acuminatissima,Abiotic
Astronia_lagunensis,Abiotic
Astronia_williamsii,Abiotic
Astronia_meyeri,Abiotic
Bertolonia_maculata,Abiotic
Bertolonia_marmorata,Abiotic
Bertolonia_mosenii,Abiotic
Salpinga_margaritacea,Abiotic
Monolena_primuliflora,Abiotic
Triolena_obliqua,Abiotic
Triolena_paleacea,Abiotic
Triolena_amazonica,Abiotic
Triolena_barbeyana,Abiotic
Triolena_pustulata,Abiotic
Tryssophyton_merumense,Abiotic
Opisthocentra_clidemioides,Abiotic
Driessenia_glanduligera,Abiotic
Phyllagathis_hispidissima,Abiotic
Phainantha_laxiflora,Abiotic
Phainantha_shuariorum,Abiotic
Phyllagathis_fengii,Abiotic
Plagiopetalum_esquirolii,Abiotic
Bredia_fordii,Abiotic
Boyania_colombiana,Abiotic
Sporoxeia_sciadophila,Abiotic
Blastus_cochinchinensis,Abiotic
Blastus_pauciflorus,Abiotic
Blastus_setulosus,Abiotic
Cyphotheca_montana,Abiotic
Fordiophyton_faberi,Abiotic
Bredia_microphylla,Abiotic
Fordiophyton_peperomiifolium,Abiotic
Fordiophyton_brevicaule,Abiotic
Fordiophyton_zhuangiae,Abiotic
Fordiophyton_chenii,Abiotic
Fordiophyton_cordifolium,Abiotic
Fordiophyton_huizhouense,Abiotic
Oxyspora_paniculata,Abiotic
Tigridiopalma_magnifica,Abiotic
Oxyspora_beccarii,Abiotic
Phyllagathis_gymnantha,Abiotic
Blastus_borneensis,Abiotic
Sonerila_obliqua,Abiotic
Gravesia_rutenbergiana,Abiotic
Amphiblemma_cymosum,Abiotic
Calvoa_grandifolia,Abiotic
Calvoa_orientalis,Abiotic
Gravesia_guttata,Abiotic
Sarcopyramis_bodinieri,Abiotic
Barthea_barthei,Abiotic
Allomorphia_urophylla,Abiotic
Bredia_sinensis,Abiotic
Phyllagathis_oligotricha,Abiotic
Bredia_quadrangularis,Abiotic
Bredia_sessilifolia,Abiotic
Sonerila_brunonis,Abiotic
Sonerila_beccariana,Abiotic
Sonerila_nervulosa,Abiotic
Anerincleistus_macrophyllus,Abiotic
Sonerila_cantonensis,Abiotic
Sonerila_bokorense,Abiotic
Sonerila_calophylla,Abiotic
Gravesia_viscosa,Abiotic
Alloneuron_ulei,Abiotic
Wurdastom_cuatrecasasii,Abiotic
Wurdastom_hexamera,Abiotic
Allomaieta_zenufanasana,Abiotic
Allomaieta_ebejicosana,Abiotic
Allomaieta_villosa,Abiotic
Allomaieta_grandiflora,Abiotic
Quipuanthus_epipetricus,Abiotic
Allomaieta_hirsuta,Abiotic
Allomaieta_pancurana,Abiotic
Cambessedesia_espora,Abiotic
Cambessedesia_membranacea,Abiotic
Cambessedesia_hermogenesii,Abiotic
Cambessedesia_purpurata,Abiotic
Cambessedesia_corymbosa,Abiotic
Cambessedesia_rupestris,Abiotic
Cambessedesia_semidecandra,Abiotic
Cambessedesia_tenuis,Abiotic
Cambessedesia_gracilis,Abiotic
Cambessedesia_eichleri,Abiotic
Cambessedesia_hilariana,Abiotic
Behuria_comosa,Abiotic
Dolichoura_spiritusanctensis,Abiotic
Behuria_glutinosa,Abiotic
Huberia_consimilis,Abiotic
Huberia_ovalifolia,Abiotic
Huberia_peruviana,Abiotic
Merianthera_burlemarxii,Abiotic
Merianthera_eburnea,Abiotic
Merianthera_sipolisii,Abiotic
Merianthera_pulchra,Abiotic
Merianthera_bullata,Abiotic
Merianthera_parvifolia,Abiotic
Merianthera_verrucosa,Abiotic
Rupestrea_johnwurdackiana,Abiotic
Dinophora_spenneroides,Abiotic
Arthrostemma_ciliatum,Abiotic
Arthrostemma_primaevum,Abiotic
Pachyloma_huberioides,Abiotic
Rhexia_alifanus,Abiotic
Rhexia_nuttallii,Abiotic
Rhexia_petiolata,Abiotic
Rhexia_aristosa,Abiotic
Rhexia_salicifolia,Abiotic
Rhexia_nashii,Abiotic
Rhexia_virginica,Abiotic
Rhexia_lutea,Abiotic
Rhexia_parviflora,Abiotic
Rhexia_cubensis,Abiotic
Rhexia_mariana,Abiotic
Rhynchanthera_bracteata,Abiotic
Rhynchanthera_grandiflora,Abiotic
Rhynchanthera_serrulata,Abiotic
Trembleya_parviflora,Abiotic
Trembleya_laniflora,Abiotic
Trembleya_pentagona,Abiotic
Stenodon_suberosus,Abiotic
Chaetostoma_cupressinum,Abiotic
Lavoisiera_pulchella,Abiotic
Lavoisiera_crassifolia,Abiotic
Chaetostoma_armatum,Abiotic
Lavoisiera_subulata,Abiotic
Lavoisiera_macrocarpa,Abiotic
Lavoisiera_imbricata,Abiotic
Lavoisiera_mucorifera,Abiotic
Lavoisiera_confertiflora,Abiotic
Lavoisiera_alba,Abiotic
Lavoisiera_caryophyllea,Abiotic
Microlicia_minima,Abiotic
Microlicia_amblysepala,Abiotic
Microlicia_confertiflora,Abiotic
Microlicia_cordata,Abiotic
Microlicia_fulva,Abiotic
Microlicia_glazioviana,Abiotic
Lavoisiera_cordata,Abiotic
Microlicia_isophylla,Abiotic
Microlicia_graveolens,Abiotic
Microlicia_tomentella,Abiotic
Acanthella_sprucei,Abiotic
Ernestia_glandulosa,Abiotic
Acisanthera_hedyotoidea,Abiotic
Comolia_leptophylla,Abiotic
Comolia_villosa,Abiotic
Comolia_smithii,Abiotic
Comolia_microphylla,Abiotic
Comolia_ovalifolia,Abiotic
Sandemania_hoehnei,Abiotic
Comolia_vernicosa,Abiotic
Siphanthera_foliosa,Abiotic
Siphanthera_paludosa,Abiotic
Siphanthera_arenaria,Abiotic
Siphanthera_cordifolia,Abiotic
Siphanthera_fasciculata,Abiotic
Siphanthera_hostmannii,Abiotic
Siphanthera_cordata,Abiotic
Siphanthera_gracillima,Abiotic
Siphanthera_subtilis,Abiotic
Siphanthera_dawsonii,Abiotic
Comolia_montana,Abiotic
Acisanthera_crassipes,Abiotic
Acisanthera_genliseoides,Abiotic
Acisanthera_tetraptera,Abiotic
Ernestia_ovata,Abiotic
Acisanthera_uniflora,Abiotic
Comolia_stenodon,Abiotic
Acisanthera_quadrata,Abiotic
Acisanthera_paraguayensis,Abiotic
Comolia_ayangannae,Abiotic
Acisanthera_alsinaefolia,Abiotic
Acisanthera_variabilis,Abiotic
Ernestia_cordifolia,Abiotic
Macairea_thyrsiflora,Abiotic
Macairea_pachyphylla,Abiotic
Macairea_radula,Abiotic
Macairea_lasiophylla,Abiotic
Macairea_multinervia,Abiotic
Ernestia_tenella,Abiotic
Ernestia_adenotricha,Abiotic
Ernestia_quadriseta,Abiotic
Ernestia_maguirei,Abiotic
Ernestia_confertiflora,Abiotic
Ernestia_rubra,Abiotic
Brasilianthus_carajensis,Abiotic
Nepsera_aquatica,Abiotic
Comolia_coriacea,Abiotic
Ernestia_pullei,Abiotic
Acisanthera_boissieriana,Abiotic
Appendicularia_thymifolia,Abiotic
Acisanthera_limnobios,Abiotic
Acisanthera_bivalvis,Abiotic
Aciotis_annua,Abiotic
Aciotis_polystachya,Abiotic
Fritzschia_anisostemon,Abiotic
Fritzschia_erecta,Abiotic
Comolia_edmundoi,Abiotic
Comolia_lanceiflora,Abiotic
Comolia_sertularia,Abiotic
Comolia_sessilis,Abiotic
Marcetia_acerosa,Abiotic
Marcetia_canescens,Abiotic
Marcetia_latifolia,Abiotic
Marcetia_alba,Abiotic
Marcetia_viscida,Abiotic
Marcetia_eimeariana,Abiotic
Marcetia_grandiflora,Abiotic
Marcetia_harleyi,Abiotic
Marcetia_formosa,Abiotic
Marcetia_taxifolia,Abiotic
Marcetia_macrophylla,Abiotic
Marcetia_mucugensis,Abiotic
Marcetia_candolleana,Abiotic
Marcetia_velutina,Abiotic
Marcetia_bahiensis,Abiotic
Loricalepis_duckei,Abiotic
Pterolepis_alpestris,Abiotic
Pterolepis_glomerata,Abiotic
Pterolepis_polygonoides,Abiotic
Pterolepis_trichotoma,Abiotic
Pterolepis_repanda,Abiotic
Pterogastra_minor,Abiotic
Pterogastra_divaricata,Abiotic
Pterolepis_parnassifolia,Abiotic
Pterolepis_rotundifolia,Abiotic
Guyonia_antennina,Abiotic
Guyonia_seretii,Abiotic
Guyonia_arenaria,Abiotic
Guyonia_ciliata,Abiotic
Guyonia_jacquesii,Abiotic
Anaheterotis_pobeguinii,Abiotic
Dissotis_phaeotricha,Abiotic
Argyrella_bambutorum,Abiotic
Argyrella_amplexicaulis,Abiotic
Argyrella_canescens,Abiotic
Argyrella_richardsiae,Abiotic
Osbeckia_chinensis,Abiotic
Melastomastrum_porteresii,Abiotic
Melastomastrum_theifolium,Abiotic
Melastomastrum_afzelii,Abiotic
Melastomastrum_segregatum,Abiotic
Melastomastrum_capitatum,Abiotic
Tristemma_cornifolium,Abiotic
Tristemma_involucratum,Abiotic
Tristemma_demeusei,Abiotic
Tristemma_mauritianum,Abiotic
Tristemma_akeassii,Abiotic
Tristemma_coronatum,Abiotic
Tristemma_littorale,Abiotic
Tristemma_hirtum,Abiotic
Tristemma_vestitum,Abiotic
Tristemma_oreophilum,Abiotic
Dichaetanthera_erici,Abiotic
Dichaetanthera_strigosa,Abiotic
Dichaetanthera_africana,Abiotic
Dichaetanthera_asperrima,Abiotic
Dichaetanthera_arborea,Abiotic
Dichaetanthera_articulata,Abiotic
Dichaetanthera_oblongifolia,Abiotic
Dissotidendron_polyanthum,Abiotic
Dissotidendron_melleri,Abiotic
Dissotidendron_cordatum,Abiotic
Dissotidendron_caloneurum,Abiotic
Heterotis_cogniauxiana,Abiotic
Heterotis_rotundifolia,Abiotic
Heterotis_decumbens,Abiotic
Heterotis_buettnerana,Abiotic
Heterotis_prostrata,Abiotic
Osbeckia_australiana,Abiotic
Osbeckia_nepalensis,Abiotic
Osbeckia_aspera,Abiotic
Melastoma_pellegrinianum,Abiotic
Rousseauxia_aurata,Abiotic
Osbeckia_stellata,Abiotic
Dupineta_brazzae,Abiotic
Dupineta_hensii,Abiotic
Dissotis_brazzae,Abiotic
Dupineta_multiflora,Abiotic
Amphorocalyx_multiflorus,Abiotic
Rousseauxia_minimifolia,Abiotic
Rousseauxia_andringitrensis,Abiotic
Amphorocalyx_rupestris,Abiotic
Dionycha_bojerii,Abiotic
Pseudosbeckia_swynnertonii,Abiotic
Dissotis_thollonii,Abiotic
Dissotis_falcipila,Abiotic
Dissotis_princeps,Abiotic
Dissotis_crenulata,Abiotic
Dissotis_pulchra,Abiotic
Dissotis_romiana,Abiotic
Dissotis_trothae,Abiotic
Dissotis_denticulata,Abiotic
Dissotis_sizenandii,Abiotic
Antherotoma_densiflora,Abiotic
Osbeckia_togoensis,Abiotic
Osbeckia_decandra,Abiotic
Antherotoma_senegambiensis,Abiotic
Dissotis_congolensis,Abiotic
Dissotis_tubulosa,Abiotic
Antherotoma_irvingiana,Abiotic
Dissotis_gilgiana,Abiotic
Dissotis_welwitschii,Abiotic
Dissotis_perkinsiae,Abiotic
Dissotis_cryptantha,Abiotic
Dissotis_grandiflora,Abiotic
Dissotis_longisetosa,Abiotic
Antherotoma_gracilis,Abiotic
Antherotoma_angustifolia,Abiotic
Antherotoma_naudinii,Abiotic
Antherotoma_phaeotricha,Abiotic
Antherotoma_debilis,Abiotic
Desmoscelis_villosa,Abiotic
Tibouchina_aspera,Abiotic
Tibouchina_llanorum,Abiotic
Tibouchina_papyrus,Abiotic
Tibouchina_aegopogon,Abiotic
Tibouchina_bipenicillata,Abiotic
Tibouchina_fraterna,Abiotic
Tibouchina_striphnocalyx,Abiotic
Monochaetum_calcaratum,Abiotic
Bucquetia_glutinosa,Abiotic
Bucquetia_vernicosa,Abiotic
Castratella_piloselloides,Abiotic
Chaetolepis_anisandra,Abiotic
Chaetolepis_microphylla,Abiotic
Chaetolepis_cufodontisii,Abiotic
Monochaetum_polyneurum,Abiotic
Chaetolepis_lindeniana,Abiotic
Monochaetum_discolor,Abiotic
Monochaetum_meridense,Abiotic
Monochaetum_humboldtianum,Abiotic
Monochaetum_lineatum,Abiotic
Monochaetum_uribei,Abiotic
Monochaetum_tenellum,Abiotic
Monochaetum_bonplandii,Abiotic
Monochaetum_floribundum,Abiotic
Monochaetum_vulcanicum,Abiotic
Tibouchina_lepidota,Abiotic
Tibouchina_gleasoniana,Abiotic
Tibouchina_inopinata,Abiotic
Tibouchina_wurdackii,Abiotic
Tibouchina_solmsii,Abiotic
Tibouchina_alpestris,Abiotic
Tibouchina_confertiflora,Abiotic
Tibouchina_citrina,Abiotic
Tibouchina_gayana,Abiotic
Tibouchina_naudiniana,Abiotic
Tibouchina_saxosa,Abiotic
Tibouchina_laxa,Abiotic
Tibouchina_pendula,Abiotic
Tibouchina_grossa,Abiotic
Tibouchina_mollis,Abiotic
Tibouchina_ciliaris,Abiotic
Tibouchina_cerastifolia,Abiotic
Tibouchina_clinopodifolia,Abiotic
Tibouchina_minor,Abiotic
Tibouchina_sebastianopolitana,Abiotic
Tibouchina_mariae,Abiotic
Tibouchina_pleromoides,Abiotic
Tibouchina_dimorphophylla,Abiotic
Tibouchina_decora,Abiotic
Brachyotum_rostratum,Abiotic
Tibouchina_brevisepala,Abiotic
Brachyotum_microdon,Abiotic
Tibouchina_calycina,Abiotic
Tibouchina_octopetala,Abiotic
Tibouchina_bicolor,Abiotic
Brachyotum_confertum,Abiotic
Brachyotum_lindenii,Abiotic
Brachyotum_ledifolium,Abiotic
Brachyotum_fictum,Abiotic
Brachyotum_incrassatum,Abiotic
Brachyotum_benthamianum,Abiotic
Brachyotum_fraternum,Abiotic
Brachyotum_harlingii,Abiotic
Tibouchina_breedlovei,Abiotic
Heterocentron_elegans,Abiotic
Heterocentron_subtriplinervium,Abiotic
Heterocentron_muricatum,Abiotic
Schwackaea_cupheoides,Abiotic
Pilocosta_campanensis,Abiotic
Pilocosta_oerstedii,Abiotic
Pilocosta_nubicola,Abiotic
Pilocosta_nana,Abiotic
Centradenia_grandifolia,Abiotic
Centradenia_floribunda,Abiotic
Centradenia_inaequilateralis,Abiotic
Pleroma_penduliflora,Abiotic
Tibouchina_longifolia,Abiotic
Tibouchina_geitneriana,Abiotic
Tibouchina_weberbaueri,Abiotic
Tibouchina_gracilis,Abiotic
Tibouchina_hieracioides,Abiotic
Tibouchina_chamaecistus,Abiotic
Tibouchina_ornata,Abiotic
Tibouchina_melanocalyx,Abiotic
Pleroma_trinervia,Abiotic
Tibouchina_oreophila,Abiotic
Tibouchinopsis_mirabilis,Abiotic
Tibouchina_blanchetiana,Abiotic
Tibouchina_pereirae,Abiotic
Tibouchina_velutina,Abiotic
Tibouchina_urceolaris,Abiotic
Tibouchina_clavata,Abiotic
Tibouchina_cryptadena,Abiotic
Tibouchina_radula,Abiotic
Tibouchina_heteromalla,Abiotic
Tibouchina_clidemioides,Abiotic
Tibouchina_manicata,Abiotic
Tibouchina_trichopoda,Abiotic
Tibouchina_barnebyana,Abiotic
Tibouchina_arborea,Abiotic
Tibouchina_candolleana,Abiotic
Tibouchina_itatiaiae,Abiotic
Tibouchina_estrellensis,Abiotic
Tibouchina_boudetii,Abiotic
Tibouchina_granulosa,Abiotic
Tibouchina_salviaefolia,Abiotic
Tibouchina_fissinervia,Abiotic
Tibouchina_martialis,Abiotic
Tibouchina_stenocarpa,Abiotic
Tibouchina_laevicaulis,Abiotic
Tibouchina_cardinalis,Abiotic
Tibouchina_arenaria,Abiotic
Tibouchina_martiusiana,Abiotic
Tibouchina_angustifolia,Abiotic
Tibouchina_frigidula,Abiotic
Itatiaia_cleistopetala,Abiotic
Tibouchina_microphylla,Abiotic
Tibouchina_cinerea,Abiotic
Tibouchina_hospita,Abiotic
Tibouchina_macrochiton,Abiotic
Tibouchina_corymbosa,Abiotic
Tibouchina_benthamiana,Abiotic
Tibouchina_castellensis,Abiotic
Tibouchina_cristata,Abiotic
Tibouchina_axillaris,Abiotic
Svitramia_wurdackiana,Abiotic
Svitramia_minor,Abiotic
Svitramia_pulchra,Abiotic
Svitramia_hatschbachii,Abiotic
Tibouchina_nodosa,Abiotic
Pleroma_oleifolia,Abiotic
Tibouchina_ursina,Abiotic
Tibouchina_dubia,Abiotic
Tibouchina_ramboi,Abiotic
Tibouchina_kleinii,Abiotic
Tibouchina_gardneriana,Abiotic
Tibouchina_fothergillae,Abiotic
Tibouchina_semidecandra,Abiotic
Tibouchina_collina,Abiotic
Tibouchina_foveolata,Abiotic
Tibouchina_sellowiana,Abiotic
Tibouchina_mutabilis,Abiotic
Tibouchina_pulchra,Abiotic
Macrocentrum_minus,Abiotic
Macrocentrum_vestitum,Abiotic
Macrocentrum_droseroides,Abiotic
Macrocentrum_anfractum,Abiotic
Macrocentrum_gesneriaceum,Abiotic
Maguireanthus_ayangannae,Abiotic
Macrocentrum_cristatum,Abiotic
Macrocentrum_fasciculatum,Abiotic
Salpinga_maranonensis,Abiotic
Salpinga_secunda,Abiotic
Meriania_compressicaulis,Abiotic
Meriania_robusta,Abiotic
Meriania_calyptrata,Abiotic
Meriania_tomentosa,Abiotic
Meriania_acostae,Abiotic
Meriania_phlomoides,Abiotic
Meriania_arborea,Abiotic
Meriania_longifolia,Abiotic
Meriania_purpurea,Abiotic
Meriania_leucantha,Abiotic
Meriania_ekmanii,Abiotic
Meriania_parvifolia,Abiotic
Meriania_squamulosa,Abiotic
Meriania_brevipedunculata,Abiotic
Meriania_haemantha,Abiotic
Meriania_hexamera,Abiotic
Meriania_franciscana,Abiotic
Meriania_macrophylla,Abiotic
Axinaea_affinis,Abiotic
Meriania_hernandoi,Abiotic
Axinaea_alata,Abiotic
Axinaea_sclerophylla,Abiotic
Axinaea_costaricensis,Abiotic
Axinaea_floribunda,Abiotic
Axinaea_grandifolia,Abiotic
Axinaea_macrophylla,Abiotic
Macrocentrum_repens,Abiotic
Macrocentrum_neblinae,Abiotic
Meriania_urceolata,Abiotic
Meriania_sclerophylla,Abiotic
Meriania_calophylla,Abiotic
Meriania_subumbellata,Abiotic
Adelobotrys_barbata,Abiotic
Adelobotrys_adscendens,Abiotic
Adelobotrys_permixta,Abiotic
Adelobotrys_spruceana,Abiotic
Adelobotrys_tessmannii,Abiotic
Adelobotrys_boissieriana,Abiotic
Adelobotrys_subsessilis,Abiotic
Adelobotrys_macrantha,Abiotic
Adelobotrys_scandens,Abiotic
Graffenrieda_gracilis,Abiotic
Graffenrieda_moritziana,Abiotic
Graffenrieda_hitchcockii,Abiotic
Graffenrieda_rotundifolia,Abiotic
Graffenrieda_intermedia,Abiotic
Adelobotrys_praetexta,Abiotic
Graffenrieda_moaensis,Abiotic
Graffenrieda_weddellii,Abiotic
Centronia_laurifolia,Abiotic
Graffenrieda_limbata,Abiotic
Graffenrieda_latifolia,Abiotic
Graffenrieda_sessilifolia,Abiotic
Graffenrieda_miconioides,Abiotic
Graffenrieda_tristis,Abiotic
Graffenrieda_micrantha,Abiotic
Graffenrieda_cucullata,Abiotic
Graffenrieda_galeottii,Abiotic
Graffenrieda_uribei,Abiotic
Graffenrieda_emarginata,Abiotic
Graffenrieda_harlingii,Abiotic
Eriocnema_fulva,Abiotic
Physeterostemon_thomasii,Abiotic
Physeterostemon_fiaschii,Abiotic
Physeterostemon_jardimii,Abiotic
Spathandra_blakeoides,Biotic
Votomita_guianensis,Biotic
Mouriri_crassifolia,Biotic
Mouriri_dumetosa,Biotic
Mouriri_collocarpa,Biotic
Mouriri_sagotiana,Biotic
Mouriri_gleasoniana,Biotic
Mouriri_helleri,Biotic
Mouriri_guianensis,Biotic
Mouriri_cyphocarpa,Biotic
Mouriri_myrtilloides,Biotic
Lijndenia_barteri,Biotic
Lijndenia_procteri,Biotic
Lijndenia_brenanii,Biotic
Memecylon_megacarpum,Biotic
Lijndenia_laurina,Biotic
Lijndenia_danguyana,Biotic
Lijndenia_roborea,Biotic
Warneckea_sansibarica,Biotic
Warneckea_melindensis,Biotic
Warneckea_jasminoides,Biotic
Warneckea_wildeana,Biotic
Warneckea_sapinii,Biotic
Warneckea_pulcherrima,Biotic
Warneckea_austro,Biotic
Warneckea_yangambensis,Biotic
Warneckea_fosteri,Biotic
Warneckea_membranifolia,Biotic
Warneckea_cinnamomoides,Biotic
Warneckea_fascicularis,Biotic
Warneckea_mangrovensis,Biotic
Warneckea_madagascariensis,Biotic
Warneckea_masoalae,Biotic
Warneckea_hedbergiorum,Biotic
Warneckea_amaniensis,Biotic
Warneckea_erubescens,Biotic
Warneckea_schliebenii,Biotic
Warneckea_parvifolia,Biotic
Warneckea_mouririifolia,Biotic
Warneckea_sousae,Biotic
Memecylon_lateriflorum,Biotic
Memecylon_occultum,Biotic
Memecylon_magnifoliatum,Biotic
Mouriri_nervosa,Biotic
Memecylon_elaeagni,Biotic
Memecylon_rivulare,Biotic
Memecylon_rostratum,Biotic
Memecylon_semseii,Biotic
Memecylon_erythranthum,Biotic
Memecylon_cogniauxii,Biotic
Memecylon_deminutum,Biotic
Memecylon_greenwayi,Biotic
Memecylon_teitense,Biotic
Memecylon_buxoides,Biotic
Memecylon_fragrans,Biotic
Memecylon_verruculosum,Biotic
Memecylon_bachmannii,Biotic
Memecylon_buxifolium,Biotic
Memecylon_natalense,Biotic
Memecylon_torrei,Biotic
Memecylon_peracuminatum,Biotic
Memecylon_capuronii,Biotic
Memecylon_thouarsianum,Biotic
Memecylon_perditum,Biotic
Memecylon_impressivenum,Biotic
Memecylon_strumosum,Biotic
Memecylon_louvelianum,Biotic
Memecylon_ulopterum,Biotic
Memecylon_ovatifolium,Biotic
Memecylon_confusum,Biotic
Memecylon_longipetalum,Biotic
Memecylon_albescens,Biotic
Memecylon_infuscatum,Biotic
Memecylon_sejunctum,Biotic
Memecylon_mocquerysii,Biotic
Memecylon_interjectum,Biotic
Memecylon_corymbiforme,Biotic
Memecylon_xiphophyllum,Biotic
Memecylon_bakerianum,Biotic
Memecylon_boinense,Biotic
Memecylon_mayottense,Biotic
Memecylon_pterocladum,Biotic
Memecylon_clavistaminum,Biotic
Memecylon_eduliforme,Biotic
Memecylon_sitanum,Biotic
Memecylon_amshoffiae,Biotic
Memecylon_batekeanum,Biotic
Memecylon_afzelii,Biotic
Memecylon_flavovirens,Biotic
Memecylon_oubanguianum,Biotic
Memecylon_macrodendron,Biotic
Memecylon_dasyanthum,Biotic
Memecylon_myrianthum,Biotic
Memecylon_klaineanum,Biotic
Memecylon_germainii,Biotic
Memecylon_virescens,Biotic
Memecylon_candidum,Biotic
Memecylon_laurentii,Biotic
Memecylon_calophyllum,Biotic
Memecylon_arcuatomarginatum,Biotic
Memecylon_simulans,Biotic
Memecylon_hyleastrum,Biotic
Memecylon_zenkeri,Biotic
Memecylon_kupeanum,Biotic
Memecylon_bakossiense,Biotic
Memecylon_englerianum,Biotic
Memecylon_caeruleum,Biotic
Memecylon_polyanthum,Biotic
Memecylon_ligustrifolium,Biotic
Memecylon_luchuenense,Biotic
Memecylon_scutellatum,Biotic
Memecylon_chevalieri,Biotic
Memecylon_pauciflorum,Biotic
Memecylon_floribundum,Biotic
Memecylon_cantleyi,Biotic
Memecylon_plebejum,Biotic
Memecylon_nigrescens,Biotic
Memecylon_lilacinum,Biotic
Memecylon_durum,Biotic
Memecylon_edule,Biotic
Memecylon_talbotianum,Biotic
Memecylon_ovatum,Biotic
Memecylon_angustifolium,Biotic
Memecylon_parvifolium,Biotic
Memecylon_rotundatum,Biotic
Memecylon_fuscescens,Biotic
Memecylon_royenii,Biotic
Memecylon_sessile,Biotic
Memecylon_wightii,Biotic
Memecylon_randerianum,Biotic
Memecylon_umbellatum,Biotic
Pternandra_multiflora,Biotic
Pternandra_coerulescens,Biotic
Pternandra_hirtella,Biotic
Pternandra_cogniauxii,Biotic
Pternandra_echinata,Biotic
Bellucia_grossularioides,Biotic
Bellucia_aequiloba,Biotic
Bellucia_pentamera,Biotic
Bellucia_arborescens,Biotic
Bellucia_subandina,Biotic
Bellucia_mespiloides,Biotic
Bellucia_spruceana,Biotic
Henriettea_flavescens,Biotic
Henriettea_multiflora,Biotic
Henriettea_granulata,Biotic
Henriettea_martiusii,Biotic
Henriettea_spruceana,Biotic
Henriettea_ramiflora,Biotic
Henriettea_succosa,Biotic
Henriettea_patrisiana,Biotic
Henriettea_aggregata,Biotic
Henriettea_rimosa,Biotic
Henriettea_squamulosa,Biotic
Henriettea_uniflora,Biotic
Henriettea_sessilifolia,Biotic
Henriettea_tovarensis,Biotic
Henriettea_tuberculosa,Biotic
Henriettea_odorata,Biotic
Henriettea_squamata,Biotic
Henriettea_gibberosa,Biotic
Henriettea_ekmanii,Biotic
Henriettea_macfadyenii,Biotic
Henriettea_barkeri,Biotic
Henriettea_megaloclada,Biotic
Pachycentria_constricta,Biotic
Pachycentria_pulverulenta,Biotic
Medinilla_cummingii,Biotic
Catanthera_quintuplinervis,Biotic
Catanthera_pilosa,Biotic
Kendrickia_walkeri,Biotic
Catanthera_tetrandra,Biotic
Medinilla_serpens,Biotic
Medinilla_alternifolia,Biotic
Medinilla_rubrifrons,Biotic
Medinilla_stephanostegia,Biotic
Plethiandra_hookeri,Biotic
Plethiandra_cuneata,Biotic
Pachycentria_glauca,Biotic
Medinilla_sessiliflora,Biotic
Medinilla_suberosa,Biotic
Medinilla_humbertiana,Biotic
Medinilla_humblotii,Biotic
Medinilla_lanceata,Biotic
Dissochaeta_annulata,Biotic
Dissochaeta_bracteata,Biotic
Dissochaeta_divaricata,Biotic
Dissochaeta_viminalis,Biotic
Pseudodissochaeta_septentrionalis,Biotic
Dissochaeta_affinis,Biotic
Dissochaeta_reformata,Biotic
Chalybea_corymbifera,Biotic
Chalybea_calyptrata,Biotic
Chalybea_macrocarpa,Biotic
Chalybea_ecuadorensis,Biotic
Blakea_setosa,Biotic
Blakea_punctulata,Biotic
Blakea_jativae,Biotic
Blakea_granatensis,Biotic
Blakea_spruceana,Biotic
Blakea_polyantha,Biotic
Blakea_repens,Biotic
Blakea_hispida,Biotic
Blakea_lanuginosa,Biotic
Blakea_subconnata,Biotic
Blakea_platypoda,Biotic
Blakea_subvaginata,Biotic
Blakea_glabrescens,Biotic
Blakea_involvens,Biotic
Blakea_cuatrecasasii,Biotic
Blakea_hirsuta,Biotic
Blakea_rosea,Biotic
Blakea_sawadae,Biotic
Blakea_subpanduriformis,Biotic
Blakea_oldemanii,Biotic
Blakea_quadriflora,Biotic
Blakea_calycularis,Biotic
Blakea_subscabrula,Biotic
Blakea_watsonii,Biotic
Blakea_albertiae,Biotic
Blakea_maurofernandeziana,Biotic
Blakea_glaberrima,Biotic
Blakea_trianae,Biotic
Blakea_castanedae,Biotic
Blakea_multiflora,Biotic
Blakea_rotundifolia,Biotic
Blakea_paleacea,Biotic
Blakea_cutucuensis,Biotic
Blakea_adscendens,Biotic
Blakea_bullata,Biotic
Blakea_brasiliensis,Biotic
Blakea_brevibractea,Biotic
Blakea_pulverulenta,Biotic
Blakea_trinervia,Biotic
Blakea_schlimii,Biotic
Blakea_acuminata,Biotic
Blakea_dodsonorum,Biotic
Blakea_alternifolia,Biotic
Blakea_henripittieri,Biotic
Blakea_barbata,Biotic
Blakea_costaricensis,Biotic
Blakea_micrantha,Biotic
Blakea_cordata,Biotic
Blakea_hexandra,Biotic
Blakea_gerardoana,Biotic
Blakea_fuchsioides,Biotic
Blakea_austin,Biotic
Blakea_chlorantha,Biotic
Blakea_penduliflora,Biotic
Blakea_gracilis,Biotic
Blakea_herrerae,Biotic
Blakea_anomala,Biotic
Blakea_pauciflora,Biotic
Blakea_venusta,Biotic
Blakea_guatemalensis,Biotic
Blakea_litoralis,Biotic
Blakea_foliacea,Biotic
Blakea_fragrantissima,Biotic
Blakea_intricata,Biotic
Blakea_purpusii,Biotic
Blakea_parvifolia,Biotic
Blakea_wilburiana,Biotic
Blakea_wilsoniorum,Biotic
Blakea_crinita,Biotic
Blakea_tapantiana,Biotic
Blakea_grandiflora,Biotic
Blakea_brunnea,Biotic
Blakea_calycosa,Biotic
Blakea_tuberculata,Biotic
Blakea_storkii,Biotic
Aciotis_acuminifolia,Biotic
Aciotis_paludosa,Biotic
Aciotis_circaeifolia,Biotic
Aciotis_indecora,Biotic
Aciotis_purpurascens,Biotic
Aciotis_rubricaulis,Biotic
Melastoma_imbricatum,Biotic
Melastoma_crinitum,Biotic
Melastoma_orientale,Biotic
Melastoma_cyanoides,Biotic
Melastoma_septemnervium,Biotic
Melastoma_intermedium,Biotic
Melastoma_malabathricum,Biotic
Melastoma_sanguineum,Biotic
Melastoma_beccarianum,Biotic
Melastoma_denticulatum,Biotic
Melastoma_saigonense,Biotic
Melastoma_dodecandrum,Biotic
Melastoma_pentapetalum,Biotic
Melastoma_tetramerum,Biotic
Miconia_superba,Biotic
Miconia_mirabilis,Biotic
Miconia_dodecandra,Biotic
Ossaea_petiolaris,Biotic
Ossaea_capillaris,Biotic
Leandra_macdanielii,Biotic
Leandra_secunda,Biotic
Leandra_longicoma,Biotic
Leandra_pastazana,Biotic
Leandra_granatensis,Biotic
Leandra_dichotoma,Biotic
Leandra_reversa,Biotic
Ossaea_quadrisulca,Biotic
Leandra_agrestis,Biotic
Leandra_divaricata,Biotic
Leandra_rhamnifolia,Biotic
Ossaea_coarctiflora,Biotic
Leandra_secundiflora,Biotic
Leandra_mexicana,Biotic
Tococa_nitens,Biotic
Tococa_rotundifolia,Biotic
Tococa_bolivarensis,Biotic
Tococa_raggiana,Biotic
Tococa_macrophysca,Biotic
Tococa_aristata,Biotic
Tococa_guianensis,Biotic
Tococa_stellata,Biotic
Tococa_bullifera,Biotic
Tococa_quadrialata,Biotic
Tococa_gonoptera,Biotic
Tococa_macrosperma,Biotic
Tococa_capitata,Biotic
Tococa_caudata,Biotic
Tococa_coronata,Biotic
Tococa_cordata,Biotic
Tococa_subciliata,Biotic
Miconia_crocea,Biotic
Miconia_incerta,Biotic
Miconia_asclepiadea,Biotic
Miconia_cocoensis,Biotic
Miconia_urticoides,Biotic
Miconia_erosa,Biotic
Miconia_javorkaeana,Biotic
Miconia_benthamiana,Biotic
Tococa_symphyandra,Biotic
Miconia_clypeata,Biotic
Leandra_nervosa,Biotic
Miconia_papillosa,Biotic
Leandra_melanodesma,Biotic
Leandra_subseriata,Biotic
Miconia_andreana,Biotic
Miconia_dapsiliflora,Biotic
Miconia_pustulata,Biotic
Miconia_aspergillaris,Biotic
Miconia_denticulata,Biotic
Killipia_pedunculata,Biotic
Miconia_punctibullata,Biotic
Killipia_rotundifolia,Biotic
Miconia_corymbiformis,Biotic
Miconia_gonioclada,Biotic
Miconia_arboricola,Biotic
Miconia_pseudoradula,Biotic
Miconia_multiplinervia,Biotic
Miconia_quadrialata,Biotic
Miconia_biacuta,Biotic
Miconia_pseudorigida,Biotic
Miconia_rigida,Biotic
Miconia_nystroemii,Biotic
Miconia_alternifolia,Biotic
Miconia_stenobotrys,Biotic
Miconia_turquinensis,Biotic
Miconia_skeaniana,Biotic
Miconia_rubricans,Biotic
Miconia_smithii,Biotic
Miconia_biappendiculata,Biotic
Miconia_pteroclada,Biotic
Miconia_selleana,Biotic
Miconia_ferruginea,Biotic
Miconia_calycina,Biotic
Miconia_cubensis,Biotic
Miconia_howardiana,Biotic
Miconia_foveolata,Biotic
Miconia_sphagnicola,Biotic
Miconia_xenotricha,Biotic
Miconia_pycnoneura,Biotic
Miconia_rufa,Biotic
Miconia_septentrionalis,Biotic
Miconia_subcompressa,Biotic
Miconia_dielsiana,Biotic
Miconia_sintenisii,Biotic
Miconia_samanensis,Biotic
Miconia_alloeotricha,Biotic
Miconia_confertiflora,Biotic
Miconia_coriacea,Biotic
Miconia_grandidentata,Biotic
Miconia_hypioides,Biotic
Miconia_barkeri,Biotic
Miconia_alainii,Biotic
Miconia_lanceolata,Biotic
Miconia_desportesii,Biotic
Miconia_viscidula,Biotic
Miconia_krugii,Biotic
Miconia_fuertesii,Biotic
Miconia_luteola,Biotic
Miconia_macayana,Biotic
Miconia_quadrangularis,Biotic
Miconia_apiculata,Biotic
Miconia_ossaeifolia,Biotic
Miconia_galeiformis,Biotic
Miconia_latifolia,Biotic
Miconia_chionophila,Biotic
Miconia_bullata,Biotic
Miconia_salicifolia,Biotic
Miconia_prietoi,Biotic
Miconia_asperrima,Biotic
Miconia_calignosa,Biotic
Miconia_costaricensis,Biotic
Miconia_obscura,Biotic
Miconia_aggregata,Biotic
Miconia_capitellata,Biotic
Miconia_pausana,Biotic
Miconia_barbeyana,Biotic
Miconia_lutescens,Biotic
Miconia_livida,Biotic
Miconia_onaensis,Biotic
Miconia_dunstervillei,Biotic
Miconia_buxifolia,Biotic
Miconia_alborosea,Biotic
Miconia_ligustrina,Biotic
Miconia_tinifolia,Biotic
Miconia_summa,Biotic
Miconia_floribunda,Biotic
Miconia_loreyoides,Biotic
Miconia_goniostigma,Biotic
Miconia_cuprea,Biotic
Miconia_lehmannii,Biotic
Miconia_brachygyna,Biotic
Miconia_stenophylla,Biotic
Miconia_penningtonii,Biotic
Miconia_villonacensis,Biotic
Clidemia_utleyana,Biotic
Clidemia_clandestina,Biotic
Miconia_silverstonei,Biotic
Clidemia_caudata,Biotic
Miconia_manicata,Biotic
Miconia_complanata,Biotic
Miconia_glutinosa,Biotic
Miconia_theizans,Biotic
Miconia_hirtella,Biotic
Miconia_diegogomezii,Biotic
Miconia_brevitheca,Biotic
Miconia_bracteolata,Biotic
Miconia_cladonia,Biotic
Miconia_jahnii,Biotic
Miconia_cremophylla,Biotic
Miconia_bangii,Biotic
Miconia_jorgensenii,Biotic
Miconia_tabayensis,Biotic
Miconia_rubens,Biotic
Miconia_myrtillifolia,Biotic
Miconia_tovarensis,Biotic
Miconia_rigens,Biotic
Miconia_cataractae,Biotic
Miconia_tamana,Biotic
Miconia_chrysocoma,Biotic
Miconia_elaeoides,Biotic
Miconia_resimoides,Biotic
Miconia_mesmeana,Biotic
Miconia_neei,Biotic
Miconia_boliviensis,Biotic
Miconia_cyanocarpa,Biotic
Miconia_polygama,Biotic
Miconia_elvirae,Biotic
Miconia_cernua,Biotic
Miconia_bilopezii,Biotic
Miconia_hemenostigma,Biotic
Miconia_pittieri,Biotic
Miconia_longibracteata,Biotic
Miconia_concinna,Biotic
Miconia_dissita,Biotic
Miconia_biperulifera,Biotic
Miconia_schnellii,Biotic
Miconia_tetrastoma,Biotic
Miconia_crocata,Biotic
Miconia_amplinodis,Biotic
Miconia_cuspidatissima,Biotic
Miconia_cremadena,Biotic
Miconia_melanotricha,Biotic
Miconia_carnea,Biotic
Clidemia_rodriguezii,Biotic
Clidemia_ostrina,Biotic
Clidemia_epiphytica,Biotic
Clidemia_almedae,Biotic
Clidemia_killipii,Biotic
Clidemia_discolor,Biotic
Tococa_platyphylla,Biotic
Miconia_araguensis,Biotic
Miconia_tuberculata,Biotic
Tococa_broadwayi,Biotic
Tococa_perclara,Biotic
Miconia_macrodon,Biotic
Anaectocalyx_bracteosa,Biotic
Miconia_leiotricha,Biotic
Miconia_funckii,Biotic
Miconia_amilcariana,Biotic
Miconia_albertii,Biotic
Miconia_nubicola,Biotic
Miconia_spinulosa,Biotic
Miconia_mulleola,Biotic
Miconia_ulmarioides,Biotic
Miconia_suaveolens,Biotic
Miconia_meridensis,Biotic
Miconia_salebrosa,Biotic
Clidemia_tetrapetala,Biotic
Clidemia_tenebrosa,Biotic
Clidemia_costaricensis,Biotic
Clidemia_folsomii,Biotic
Miconia_lacera,Biotic
Miconia_pulvinata,Biotic
Miconia_oinochrophylla,Biotic
Miconia_ciliata,Biotic
Miconia_racemosa,Biotic
Miconia_nitidissima,Biotic
Miconia_velutina,Biotic
Mecranium_obtusifolium,Biotic
Mecranium_haemanthum,Biotic
Mecranium_alpestre,Biotic
Mecranium_tricostatum,Biotic
Mecranium_integrifolium,Biotic
Mecranium_multiflorum,Biotic
Mecranium_haitiense,Biotic
Mecranium_revolutum,Biotic
Mecranium_microdictyum,Biotic
Mecranium_septentrionale,Biotic
Mecranium_ovatum,Biotic
Mecranium_puberulum,Biotic
Mecranium_purpurascens,Biotic
Mecranium_axillare,Biotic
Mecranium_virgatum,Biotic
Mecranium_tuberculatum,Biotic
Mecranium_birimosum,Biotic
Mecranium_juddii,Biotic
Mecranium_amygdalinum,Biotic
Mecranium_crassinerve,Biotic
Miconia_thomasiana,Biotic
Miconia_uninervis,Biotic
Miconia_pachyphylla,Biotic
Calycogonium_moanum,Biotic
Pachyanthus_moaensis,Biotic
Calycogonium_rosmarinifolium,Biotic
Ossaea_moaensis,Biotic
Miconia_baracoensis,Biotic
Miconia_cerasiflora,Biotic
Miconia_lenticellata,Biotic
Miconia_victorinii,Biotic
Miconia_obtusa,Biotic
Miconia_mexicana,Biotic
Clidemia_fulva,Biotic
Clidemia_laxiflora,Biotic
Clidemia_petiolaris,Biotic
Conostegia_tenuifolia,Biotic
Conostegia_extinctoria,Biotic
Conostegia_monteleagreana,Biotic
Conostegia_lasiopoda,Biotic
Conostegia_centronioides,Biotic
Conostegia_polyandra,Biotic
Conostegia_rubiginosa,Biotic
Clidemia_myrmecina,Biotic
Clidemia_mortoniana,Biotic
Clidemia_spectabilis,Biotic
Clidemia_globuliflora,Biotic
Clidemia_setosa,Biotic
Leandra_subulata,Biotic
Miconia_shattuckii,Biotic
Clidemia_foreroi,Biotic
Conostegia_plumosa,Biotic
Miconia_radulaefolia,Biotic
Conostegia_speciosa,Biotic
Conostegia_subcrustulata,Biotic
Conostegia_xalapensis,Biotic
Miconia_brenesii,Biotic
Conostegia_consimilis,Biotic
Clidemia_trichosantha,Biotic
Miconia_jefensis,Biotic
Miconia_peltata,Biotic
Miconia_osaensis,Biotic
Clidemia_allenii,Biotic
Clidemia_ombrophila,Biotic
Miconia_prasinifolia,Biotic
Clidemia_hammelii,Biotic
Miconia_cuspidata,Biotic
Clidemia_ecuadorensis,Biotic
Miconia_centrosperma,Biotic
Miconia_dissitinervia,Biotic
Clidemia_pittieri,Biotic
Conostegia_schlimii,Biotic
Miconia_incurva,Biotic
Miconia_oligocephala,Biotic
Miconia_calocoma,Biotic
Clidemia_subpeltata,Biotic
Miconia_colliculosa,Biotic
Miconia_dissitiflora,Biotic
Conostegia_cinnamomea,Biotic
Clidemia_fraterna,Biotic
Miconia_grayumii,Biotic
Conostegia_friedmaniorum,Biotic
Miconia_pendula,Biotic
Conostegia_rhodopetala,Biotic
Conostegia_rufescens,Biotic
Conostegia_cuatrecasii,Biotic
Conostegia_pyxidata,Biotic
Conostegia_procera,Biotic
Conostegia_brenesii,Biotic
Conostegia_micrantha,Biotic
Conostegia_montana,Biotic
Conostegia_setosa,Biotic
Conostegia_bracteata,Biotic
Conostegia_caelestis,Biotic
Conostegia_superba,Biotic
Conostegia_icosandra,Biotic
Conostegia_jaliscana,Biotic
Conostegia_volcanalis,Biotic
Conostegia_bigibbosa,Biotic
Conostegia_pittieri,Biotic
Conostegia_oerstediana,Biotic
Conostegia_setifera,Biotic
Clidemia_swartsii,Biotic
Tetrazygia_fadyenii,Biotic
Miconia_karsticola,Biotic
Miconia_bicolor,Biotic
Miconia_barbata,Biotic
Miconia_cristalensis,Biotic
Miconia_guajaibonensis,Biotic
Miconia_cajalbanensis,Biotic
Miconia_delicatula,Biotic
Miconia_androsaemifolia,Biotic
Pachyanthus_cubensis,Biotic
Pachyanthus_tetramerus,Biotic
Pachyanthus_wrightii,Biotic
Pachyanthus_poiretii,Biotic
Pachyanthus_angustifolius,Biotic
Pachyanthus_mantuensis,Biotic
Pachyanthus_clementis,Biotic
Miconia_macrocarpa,Biotic
Miconia_angustilamina,Biotic
Miconia_crotonifolia,Biotic
Miconia_heterophylla,Biotic
Calycogonium_turbinatum,Biotic
Calycogonium_torbecianum,Biotic
Calycogonium_ekmanii,Biotic
Miconia_moensis,Biotic
Calycogonium_microphyllum,Biotic
Calycogonium_lanceolatum,Biotic
Calycogonium_glabratum,Biotic
Calycogonium_rhamnoideum,Biotic
Miconia_yunquensis,Biotic
Miconia_cinerea,Biotic
Tetrazygia_aurea,Biotic
Tetrazygia_decorticans,Biotic
Pachyanthus_monopleurus,Biotic
Tetrazygia_elegans,Biotic
Pachyanthus_mayarensis,Biotic
Pachyanthus_neglectus,Biotic
Pachyanthus_discolor,Biotic
Calycogonium_floribundum,Biotic
Calycogonium_grisebachii,Biotic
Calycogonium_plicatum,Biotic
Pachyanthus_reticulatus,Biotic
Calycogonium_revolutum,Biotic
Calycogonium_bissei,Biotic
Miconia_tetrandra,Biotic
Calycogonium_apleurum,Biotic
Tetrazygia_discolor,Biotic
Charianthus_alpinus,Biotic
Charianthus_nodosus,Biotic
Charianthus_dominicensis,Biotic
Charianthus_corymbosus,Biotic
Charianthus_purpureus,Biotic
Mecranium_latifolium,Biotic
Miconia_ovatifolia,Biotic
Miconia_pratensis,Biotic
Miconia_brachystemon,Biotic
Miconia_hirsuta,Biotic
Miconia_bohirdiana,Biotic
Ossaea_pauciflora,Biotic
Miconia_ascenditricha,Biotic
Miconia_lanatifolia,Biotic
Miconia_acunagalei,Biotic
Miconia_ekmanii,Biotic
Tetrazygia_biflora,Biotic
Tetrazygia_elaeagnoides,Biotic
Tetrazygia_urbani,Biotic
Tetrazygia_angustifolia,Biotic
Miconia_umbellata,Biotic
Pachyanthus_blancheanus,Biotic
Pachyanthus_pedicellatus,Biotic
Tetrazygia_paralongicollis,Biotic
Tetrazygia_longicollis,Biotic
Miconia_karlkrugii,Biotic
Miconia_krugiana,Biotic
Miconia_hispidula,Biotic
Miconia_charleswrightii,Biotic
Miconia_reticulato,Biotic
Miconia_vegaensis,Biotic
Miconia_calycopteris,Biotic
Miconia_inaequipetiolata,Biotic
Miconia_norlindii,Biotic
Miconia_limoides,Biotic
Leandra_lima,Biotic
Miconia_asperifolia,Biotic
Miconia_granulata,Biotic
Miconia_argentimuricata,Biotic
Miconia_ottoschmidtii,Biotic
Miconia_paralimoides,Biotic
Miconia_pedunculata,Biotic
Miconia_marginata,Biotic
Miconia_reducens,Biotic
Miconia_aponeura,Biotic
Miconia_robinsoniana,Biotic
Miconia_michelangeliana,Biotic
Miconia_paradoxa,Biotic
Miconia_brachybotrya,Biotic
Miconia_indicoviolacea,Biotic
Miconia_valerioana,Biotic
Miconia_schunkei,Biotic
Miconia_diaphanea,Biotic
Miconia_aliquantula,Biotic
Miconia_wagneri,Biotic
Miconia_duckei,Biotic
Miconia_dorsiloba,Biotic
Miconia_centrodesma,Biotic
Miconia_poeppigii,Biotic
Miconia_melinonis,Biotic
Miconia_leucocarpa,Biotic
Miconia_fragilis,Biotic
Miconia_myriantha,Biotic
Miconia_pyrifolia,Biotic
Miconia_rubiginosa,Biotic
Miconia_cinnamomifolia,Biotic
Miconia_ligustroides,Biotic
Miconia_puberula,Biotic
Miconia_minutiflora,Biotic
Miconia_furfuracea,Biotic
Miconia_lugonis,Biotic
Miconia_pseudoaplostachya,Biotic
Miconia_aplostachya,Biotic
Miconia_gratissima,Biotic
Miconia_ampla,Biotic
Miconia_holosericea,Biotic
Miconia_radicans,Biotic
Miconia_biolleyana,Biotic
Miconia_neocoronata,Biotic
Miconia_atropurpurea,Biotic
Miconia_reitziana,Biotic
Miconia_quinquenervia,Biotic
Miconia_aguilari,Biotic
Miconia_alboglandulosa,Biotic
Miconia_chocoensis,Biotic
Miconia_approximata,Biotic
Miconia_anchicayensis,Biotic
Miconia_auriantiaca,Biotic
Miconia_evanescens,Biotic
Miconia_variabilis,Biotic
Miconia_bensparrei,Biotic
Miconia_albertobrenesii,Biotic
Miconia_neomicrantha,Biotic
Miconia_boekei,Biotic
Miconia_laxivenula,Biotic
Miconia_sessilis,Biotic
Miconia_rufibarbis,Biotic
Miconia_spiciformis,Biotic
Miconia_solearis,Biotic
Miconia_formicaria,Biotic
Miconia_bractiflora,Biotic
Miconia_simplex,Biotic
Miconia_andersonii,Biotic
Miconia_ernstii,Biotic
Miconia_trinervia,Biotic
Miconia_calvescens,Biotic
Miconia_oldemanii,Biotic
Miconia_maroana,Biotic
Miconia_alata,Biotic
Miconia_prasina,Biotic
Miconia_ibaguensis,Biotic
Miconia_schlechtendalii,Biotic
Miconia_mendoncae,Biotic
Miconia_alternans,Biotic
Miconia_nambyquarae,Biotic
Miconia_chamissois,Biotic
Miconia_plukenetii,Biotic
Miconia_rugosa,Biotic
Miconia_biglandulosa,Biotic
Miconia_tomentosa,Biotic
Miconia_appendiculata,Biotic
Miconia_splendens,Biotic
Miconia_phanerostila,Biotic
Miconia_mazanana,Biotic
Miconia_matthaei,Biotic
Miconia_grandifoliata,Biotic
Miconia_staminea,Biotic
Miconia_ramboi,Biotic
Miconia_tristis,Biotic
Miconia_inaequidens,Biotic
Miconia_rimalis,Biotic
Miconia_trianae,Biotic
Miconia_paniculata,Biotic
Miconia_tentaculifera,Biotic
Miconia_pusilliflora,Biotic
Miconia_longicuspis,Biotic
Miconia_brasiliensis,Biotic
Miconia_caudigera,Biotic
Miconia_paucidens,Biotic
Miconia_lateriflora,Biotic
Miconia_affinis,Biotic
Miconia_regelii,Biotic
Miconia_egensis,Biotic
Miconia_latecrenata,Biotic
Miconia_petropolitana,Biotic
Miconia_inconspicua,Biotic
Miconia_commutata,Biotic
Miconia_intricata,Biotic
Miconia_brachycalyx,Biotic
Miconia_smaragdina,Biotic
Miconia_gracilis,Biotic
Miconia_striata,Biotic
Miconia_laevigata,Biotic
Miconia_pyramidalis,Biotic
Miconia_desmantha,Biotic
Miconia_aeruginosa,Biotic
Miconia_acuminifera,Biotic
Miconia_sessilifolia,Biotic
Miconia_pubipetala,Biotic
Miconia_stevensiana,Biotic
Miconia_longifolia,Biotic
Miconia_tetragona,Biotic
Miconia_dolichorrhyncha,Biotic
Miconia_collatata,Biotic
Miconia_donaeana,Biotic
Miconia_cercophora,Biotic
Miconia_caudata,Biotic
Miconia_magdalenae,Biotic
Miconia_impetiolaris,Biotic
Miconia_stipitata,Biotic
Miconia_spicellata,Biotic
Miconia_argentea,Biotic
Miconia_dolichopoda,Biotic
Miconia_plethorica,Biotic
Miconia_lonchophylla,Biotic
Miconia_sanctiphilippi,Biotic
Miconia_squamulosa,Biotic
Miconia_sylvatica,Biotic
Miconia_notabilis,Biotic
Miconia_coronata,Biotic
Miconia_triangularis,Biotic
Miconia_nutans,Biotic
Miconia_astroplocama,Biotic
Miconia_hookeriana,Biotic
Miconia_aureoides,Biotic
Miconia_kraenzlinii,Biotic
Miconia_glandulifera,Biotic
Miconia_rosea,Biotic
Clidemia_inobsepta,Biotic
Clidemia_sprucei,Biotic
Clidemia_heterophylla,Biotic
Clidemia_ablusa,Biotic
Clidemia_dimorphica,Biotic
Tococa_carolensis,Biotic
Miconia_serrulata,Biotic
Miconia_bubalina,Biotic
Miconia_hondurensis,Biotic
Miconia_paleacea,Biotic
Miconia_ioneura,Biotic
Miconia_eriocalyx,Biotic
Miconia_barbinervis,Biotic
Miconia_stelligera,Biotic
Miconia_aulocalyx,Biotic
Miconia_abbreviata,Biotic
Miconia_aurea,Biotic
Miconia_molybdea,Biotic
Miconia_acreana,Biotic
Miconia_erioclada,Biotic
Miconia_cyathanthera,Biotic
Miconia_cipoensis,Biotic
Miconia_budlejoides,Biotic
Miconia_discolor,Biotic
Miconia_octopetala,Biotic
Miconia_capixaba,Biotic
Miconia_cubatanensis,Biotic
Miconia_kollmannii,Biotic
Miconia_argyraea,Biotic
Miconia_baumgratziana,Biotic
Miconia_fasciculata,Biotic
Miconia_pepericarpa,Biotic
Miconia_penduliflora,Biotic
Miconia_brunnea,Biotic
Miconia_willdenowii,Biotic
Miconia_robusta,Biotic
Miconia_chartacea,Biotic
Miconia_cabucu,Biotic
Miconia_cinerascens,Biotic
Miconia_lymanii,Biotic
Miconia_angelana,Biotic
Miconia_castaneiflora,Biotic
Miconia_corallina,Biotic
Miconia_sclerophylla,Biotic
Miconia_heliotropoides,Biotic
Miconia_macrothyrsa,Biotic
Miconia_dispar,Biotic
Miconia_ferruginata,Biotic
Miconia_stenostachya,Biotic
Miconia_decurrens,Biotic
Miconia_pterocaulon,Biotic
Miconia_argyrophylla,Biotic
Miconia_acuminata,Biotic
Miconia_hypoleuca,Biotic
Miconia_alborufescens,Biotic
Miconia_albicans,Biotic
Miconia_elegans,Biotic
Miconia_lourteigiana,Biotic
Miconia_eriodonta,Biotic
Miconia_oraria,Biotic
Miconia_multispicata,Biotic
Miconia_valtheri,Biotic
Miconia_kriegeriana,Biotic
Miconia_lepidota,Biotic
Miconia_polyandra,Biotic
Miconia_crassinervia,Biotic
Miconia_longispicata,Biotic
Miconia_traillii,Biotic
Miconia_tiliifolia,Biotic
Miconia_rufescens,Biotic
Miconia_punctata,Biotic
Miconia_elata,Biotic
Miconia_chrysophylla,Biotic
Clidemia_involucrata,Biotic
Leandra_micropetala,Biotic
Leandra_inaequalifolia,Biotic
Leandra_purpurea,Biotic
Leandra_rufescens,Biotic
Miconia_nervosa,Biotic
Leandra_polyadena,Biotic
Miconia_ceramicarpa,Biotic
Leandra_phelpsiae,Biotic
Miconia_lappacea,Biotic
Leandra_subobruta,Biotic
Leandra_cuneata,Biotic
Clidemia_heptamera,Biotic
Miconia_plumifera,Biotic
Clidemia_capitata,Biotic
Leandra_edentula,Biotic
Leandra_clidemioides,Biotic
Leandra_verticillata,Biotic
Leandra_coadunata,Biotic
Miconia_procumbens,Biotic
Clidemia_capitellata,Biotic
Clidemia_novemnervia,Biotic
Clidemia_urceolata,Biotic
Clidemia_bullosa,Biotic
Clidemia_biserrata,Biotic
Clidemia_pustulata,Biotic
Miconia_campestris,Biotic
Clidemia_strigillosa,Biotic
Miconia_bracteata,Biotic
Clidemia_conglomerata,Biotic
Miconia_tschudyoides,Biotic
Miconia_polita,Biotic
Miconia_tillettii,Biotic
Clidemia_septuplinervia,Biotic
Clidemia_heteroneura,Biotic
Necramium_gigantophyllum,Biotic
Clidemia_sericea,Biotic
Clidemia_debilis,Biotic
Clidemia_plumosa,Biotic
Clidemia_monantha,Biotic
Clidemia_ampla,Biotic
Clidemia_umbrosa,Biotic
Sagraea_scabrosa,Biotic
Miconia_polychaete,Biotic
Sagraea_ellipsoidea,Biotic
Sagraea_setulosa,Biotic
Sagraea_woodsii,Biotic
Miconia_navifolia,Biotic
Sagraea_curvipila,Biotic
Ossaea_vazquezii,Biotic
Clidemia_crossosepala,Biotic
Clidemia_grisebachii,Biotic
Ossaea_wrightii,Biotic
Clidemia_scalpta,Biotic
Sagraea_fuertesii,Biotic
Sagraea_gracilis,Biotic
Clidemia_fendleri,Biotic
Clidemia_crenulata,Biotic
Clidemia_ciliata,Biotic
Clidemia_allardii,Biotic
Clidemia_aphanantha,Biotic
Clidemia_rubra,Biotic
Clidemia_guadaloupensis,Biotic
Clidemia_graciliflora,Biotic
Clidemia_cruegeriana,Biotic
Clidemia_trinitensis,Biotic
Ossaea_rufescens,Biotic
Sagraea_oligantha,Biotic
Clidemia_domingensis,Biotic
Clidemia_cubensis,Biotic
Clidemia_trichotoma,Biotic
Clidemia_leucandra,Biotic
Clidemia_capituliflora,Biotic
Tococa_caquetana,Biotic
Miconia_trimera,Biotic
Maieta_poeppigii,Biotic
Maieta_guianensis,Biotic
Clidemia_dentata,Biotic
Clidemia_octona,Biotic
Clidemia_laevifolia,Biotic
Clidemia_erythropogon,Biotic
Clidemia_hirta,Biotic
Leandra_solenifera,Biotic
Leandra_nanayensis,Biotic
Leandra_glandulifera,Biotic
Clidemia_charadrophylla,Biotic
Clidemia_piperifolia,Biotic
Clidemia_sessiliflora,Biotic
Clidemia_alternifolia,Biotic
Clidemia_japurensis,Biotic
Miconia_japuraensis,Biotic
Leandra_lasiopetala,Biotic
Leandra_chaetodon,Biotic
Clidemia_epibaterium,Biotic
Leandra_aristigera,Biotic
Ossaea_cucullata,Biotic
Miconia_undata,Biotic
Leandra_candelabrum,Biotic
Clidemia_fluminensis,Biotic
Clidemia_atrata,Biotic
Pleiochiton_parasiticum,Biotic
Pleiochiton_ebracteatum,Biotic
Pleiochiton_roseum,Biotic
Pleiochiton_amorimii,Biotic
Pleiochiton_blepharodes,Biotic
Pleiochiton_parvifolium,Biotic
Pleiochiton_micranthum,Biotic
Pleiochiton_setulosum,Biotic
Miconia_labiakiana,Biotic
Leandra_strigilliflora,Biotic
Leandra_mollis,Biotic
Leandra_dendroides,Biotic
Leandra_penduliflora,Biotic
Ossaea_suprabasalis,Biotic
Leandra_adenothrix,Biotic
Ossaea_cinnamomifolia,Biotic
Ossaea_euphorbioides,Biotic
Ossaea_coriacea,Biotic
Leandra_cogniauxii,Biotic
Leandra_loligomorpha,Biotic
Ossaea_angustifolia,Biotic
Leandra_capilliflora,Biotic
Leandra_triantha,Biotic
Leandra_hirta,Biotic
Leandra_ulaei,Biotic
Leandra_lapae,Biotic
Leandra_umbellata,Biotic
Leandra_glazioviana,Biotic
Leandra_melastomoides,Biotic
Leandra_capitata,Biotic
Leandra_amplexicaulis,Biotic
Leandra_therezopolitana,Biotic
Leandra_sericea,Biotic
Leandra_aspera,Biotic
Leandra_santos,Biotic
Leandra_mouraei,Biotic
Leandra_breviflora,Biotic
Leandra_planifilamentosa,Biotic
Leandra_hatschbachii,Biotic
Leandra_gynoverrucosa,Biotic
Leandra_pallida,Biotic
Leandra_tomentosa,Biotic
Leandra_dentata,Biotic
Leandra_quinquenodis,Biotic
Leandra_quinquedentata,Biotic
Leandra_vesiculosa,Biotic
Leandra_neurotricha,Biotic
Leandra_sulfurea,Biotic
Leandra_reitzii,Biotic
Leandra_barbinervis,Biotic
Leandra_cordigera,Biotic
Leandra_calvescens,Biotic
Leandra_hirtella,Biotic
Leandra_gracilis,Biotic
Leandra_magdalenensis,Biotic
Leandra_alpestris,Biotic
Leandra_multisetosa,Biotic
Leandra_riedeliana,Biotic
Leandra_sabiaensis,Biotic
Leandra_purpureovillosa,Biotic
Ossaea_warmingiana,Biotic
Ossaea_congestiflora,Biotic
Leandra_heteroporata,Biotic
Leandra_diffusa,Biotic
Ossaea_cabraliensis,Biotic
Leandra_fontanae,Biotic
Leandra_cristata,Biotic
Leandra_laxa,Biotic
Leandra_reptans,Biotic
Leandra_fallax,Biotic
Leandra_fallacissima,Biotic
Leandra_laevigata,Biotic
Leandra_refracta,Biotic
Leandra_salicina,Biotic
Leandra_erostrata,Biotic
Leandra_multiplinervis,Biotic
Leandra_purpurascens,Biotic
Leandra_regnellii,Biotic
Leandra_acutiflora,Biotic
Leandra_variabilis,Biotic
Leandra_xantholasia,Biotic
Leandra_xanthostachya,Biotic
Leandra_xanthocoma,Biotic
Leandra_nianga,Biotic
Ossaea_confertiflora,Biotic
Leandra_australis,Biotic
Ossaea_amygdaloides,Biotic
Leandra_ionopogon,Biotic
Leandra_pennipilis,Biotic
Ossaea_marginata,Biotic
Ossaea_sanguinea,Biotic
Leandra_eichleri,Biotic
Leandra_fluminensis,Biotic
Leandra_echinata,Biotic
Leandra_brackenridgei,Biotic
Leandra_pilonensis,Biotic
Leandra_ribesiaeflora,Biotic
Leandra_itatiaiae,Biotic
Leandra_cardiophylla,Biotic
Leandra_microphylla,Biotic
Leandra_carassana,Biotic
Leandra_collina,Biotic
Leandra_paulina,Biotic
Leandra_humilis,Biotic
Leandra_catharinensis,Biotic
Leandra_riograndensis,Biotic
Leandra_polystachya,Biotic
Leandra_tetraquetra,Biotic
Leandra_coriacea,Biotic
Leandra_crenata,Biotic
Leandra_lacunosa,Biotic
Leandra_rigida,Biotic
Leandra_nana,Biotic
Leandra_aurea,Biotic
Leandra_warmingiana,Biotic
Leandra_blanchetiana,Biotic
Leandra_cancellata,Biotic
Leandra_lancifolia,Biotic
Leandra_glabrata,Biotic
Leandra_miconiastrum,Biotic
Leandra_foveolata,Biotic
Leandra_polychaeta,Biotic