"","species","temp","se_temp","prec","se_prec","Dispersal_mode"
"1","Acanthella_sprucei",5.702953,0.000811,7.940056,0.023664,"Abiotic"
"2","Aciotis_acuminifolia",5.699506,0.00058,7.739425,0.027377,"Biotic"
"3","Aciotis_circaeifolia",5.703949,0.000577,7.766702,0.092127,"Biotic"
"4","Aciotis_indecora",5.699133,0.000585,7.873425,0.027715,"Biotic"
"5","Aciotis_polystachya",5.696731,0.00125,7.944931,0.0441,"Abiotic"
"6","Acisanthera_paraguayensis",5.68834,0.002318,7.336346,0.034708,"Abiotic"
"7","Acisanthera_quadrata",5.695543,0.000792,7.512303,0.03109,"Abiotic"
"8","Acisanthera_variabilis",5.682596,0.001092,7.246817,0.023568,"Abiotic"
"9","Adelobotrys_adscendens",5.694813,0.000824,7.933757,0.033399,"Abiotic"
"10","Adelobotrys_barbata",5.702874,0.000423,8.043173,0.023186,"Abiotic"
"11","Adelobotrys_boissieriana",5.694467,0.002807,8.007112,0.09638,"Abiotic"
"12","Adelobotrys_macrantha",5.702114,0.000501,7.905906,0.044949,"Abiotic"
"13","Adelobotrys_permixta",5.693695,0.001343,7.539402,0.125017,"Abiotic"
"14","Adelobotrys_spruceana",5.699283,0.001433,7.93519,0.053024,"Abiotic"
"15","Adelobotrys_subsessilis",5.701461,0.000188,7.929192,0.020418,"Abiotic"
"16","Adelobotrys_tessmannii",5.693055,0.001439,7.941686,0.073019,"Abiotic"
"17","Allomaieta_ebejicosana",5.669364,NA,7.712891,NA,"Abiotic"
"18","Allomaieta_grandiflora",5.692553,NA,7.856707,NA,"Abiotic"
"19","Allomaieta_pancurana",5.68409,0.00034,8.269208,0.070293,"Abiotic"
"20","Allomaieta_zenufanasana",5.684582,0.005946,7.972917,0.154487,"Abiotic"
"21","Alloneuron_ulei",5.690663,0.008275,8.05829,0.102514,"Abiotic"
"22","Amphiblemma_cymosum",5.692913,0.00235,7.632182,0.062955,"Abiotic"
"23","Amphorocalyx_rupestris",5.673839,NA,7.207119,NA,"Abiotic"
"24","Anaectocalyx_bracteosa",5.659656,NA,6.795706,NA,"Biotic"
"25","Anerincleistus_macrophyllus",5.691643,0.004214,8.022253,0.087387,"Abiotic"
"26","Antherotoma_naudinii",5.678838,0.001182,7.139374,0.032563,"Abiotic"
"27","Appendicularia_thymifolia",5.699491,0.001004,7.895115,0.062275,"Abiotic"
"28","Arthrostemma_ciliatum",5.689569,0.001028,7.664621,0.049266,"Abiotic"
"29","Arthrostemma_primaevum",5.678032,0.001904,7.696193,0.159546,"Abiotic"
"30","Astronia_cumingiana",5.695309,0.00261,7.785277,0.054955,"Abiotic"
"31","Astronia_ferruginea",5.69613,0.003444,7.68853,0.154607,"Abiotic"
"32","Astronia_lagunensis",5.696254,NA,7.806289,NA,"Abiotic"
"33","Astronia_macrophylla",5.695593,0.002759,7.925394,0.055596,"Abiotic"
"34","Astronia_meyeri",5.693053,0.003201,7.868248,0.061958,"Abiotic"
"35","Astronia_smilacifolia",5.687899,0.006251,7.894843,0.09021,"Abiotic"
"36","Astronidium_montanum",5.693104,0.003207,8.094136,0.109724,"Abiotic"
"37","Astronidium_morobiense",5.687554,0.014059,7.902481,0.08164,"Abiotic"
"38","Axinaea_affinis",5.650186,0.00313,6.852561,0.103503,"Abiotic"
"39","Axinaea_alata",5.660878,0.003972,6.941298,0.092573,"Abiotic"
"40","Axinaea_costaricensis",5.677956,0.010446,7.697575,0.312985,"Abiotic"
"41","Axinaea_floribunda",5.66224,0.003343,7.278679,0.126052,"Abiotic"
"42","Axinaea_grandifolia",5.657915,0.00346,7.12034,0.092778,"Abiotic"
"43","Axinaea_macrophylla",5.653061,0.002843,7.349135,0.068503,"Abiotic"
"44","Axinaea_sclerophylla",5.657212,0.002444,6.796358,0.137065,"Abiotic"
"45","Behuria_comosa",5.678574,0.006385,7.214697,0.058758,"Abiotic"
"46","Behuria_glutinosa",5.670398,NA,7.385851,NA,"Abiotic"
"47","Bellucia_aequiloba",5.695075,0.001612,7.685458,0.085227,"Biotic"
"48","Bellucia_arborescens",5.701037,0.00133,8.006622,0.032077,"Biotic"
"49","Bellucia_pentamera",5.696495,0.000827,7.86006,0.03245,"Biotic"
"50","Bertolonia_maculata",5.692917,0.001247,7.023376,0.121039,"Abiotic"
"51","Bertolonia_mosenii",5.678002,0.001862,7.374308,0.053933,"Abiotic"
"52","Blakea_alternifolia",5.702281,0.00051,8.882503,0.019882,"Biotic"
"53","Blakea_anomala",5.680165,0.003925,8.019739,0.037323,"Biotic"
"54","Blakea_brasiliensis",5.698179,0.003282,8.085696,0.077375,"Biotic"
"55","Blakea_brunnea",5.680814,0.009038,7.794282,0.043667,"Biotic"
"56","Blakea_calycosa",5.685643,0.002175,7.978561,0.059338,"Biotic"
"57","Blakea_chlorantha",5.690528,NA,7.826044,NA,"Biotic"
"58","Blakea_costaricensis",5.690191,NA,7.973155,NA,"Biotic"
"59","Blakea_cuatrecasasii",5.685452,0.005703,7.917139,0.074421,"Biotic"
"60","Blakea_foliacea",5.691419,0.002903,7.973842,0.049641,"Biotic"
"61","Blakea_fuchsioides",5.682389,NA,8.02388,NA,"Biotic"
"62","Blakea_glabrescens",5.687316,0.003887,8.063389,0.143649,"Biotic"
"63","Blakea_gracilis",5.684949,0.003418,7.832338,0.110143,"Biotic"
"64","Blakea_granatensis",5.683066,0.004435,7.681529,0.145632,"Biotic"
"65","Blakea_grandiflora",5.670999,0.006656,8.072622,0.06044,"Biotic"
"66","Blakea_guatemalensis",5.688909,0.006433,8.12193,0.109348,"Biotic"
"67","Blakea_herrerae",5.696254,NA,7.903596,NA,"Biotic"
"68","Blakea_hirsuta",5.684022,0.005505,7.740742,0.166157,"Biotic"
"69","Blakea_hispida",5.688161,NA,8.296547,NA,"Biotic"
"70","Blakea_involvens",5.683416,0.007241,7.571224,0.151013,"Biotic"
"71","Blakea_jativae",5.688838,NA,8.104099,NA,"Biotic"
"72","Blakea_lanuginosa",5.666946,NA,7.601402,NA,"Biotic"
"73","Blakea_litoralis",5.693567,0.003335,8.042896,0.11489,"Biotic"
"74","Blakea_micrantha",5.689853,NA,7.837949,NA,"Biotic"
"75","Blakea_multiflora",5.678964,0.003335,7.380456,0.088349,"Biotic"
"76","Blakea_oldemanii",5.664868,NA,7.328437,NA,"Biotic"
"77","Blakea_paleacea",5.694574,NA,7.877018,NA,"Biotic"
"78","Blakea_pauciflora",5.667637,NA,7.741968,NA,"Biotic"
"79","Blakea_penduliflora",5.675897,NA,7.943783,NA,"Biotic"
"80","Blakea_platypoda",5.695582,NA,7.873217,NA,"Biotic"
"81","Blakea_polyantha",5.695918,NA,7.948385,NA,"Biotic"
"82","Blakea_purpusii",5.660701,NA,7.604396,NA,"Biotic"
"83","Blakea_quadriflora",5.676857,0.003507,7.469831,0.117944,"Biotic"
"84","Blakea_rosea",5.693787,0.001672,7.88128,0.047795,"Biotic"
"85","Blakea_rotundifolia",5.669244,0.002128,7.545824,0.168648,"Biotic"
"86","Blakea_sawadae",5.684968,0.003206,7.817018,0.141386,"Biotic"
"87","Blakea_schlimii",5.667983,NA,6.973543,NA,"Biotic"
"88","Blakea_spruceana",5.68347,0.002765,7.538312,0.131482,"Biotic"
"89","Blakea_subconnata",5.689037,0.002119,7.667004,0.144339,"Biotic"
"90","Blakea_subpanduriformis",5.6666,NA,7.165493,NA,"Biotic"
"91","Blakea_subvaginata",5.675942,0.002245,7.674252,0.174055,"Biotic"
"92","Blakea_tapantiana",5.687822,NA,7.987185,NA,"Biotic"
"93","Blakea_tuberculata",5.68769,0.003711,8.00764,0.066187,"Biotic"
"94","Blakea_venusta",5.690191,NA,7.997327,NA,"Biotic"
"95","Blakea_wilburiana",5.696254,NA,7.903596,NA,"Biotic"
"96","Blakea_wilsoniorum",5.681366,NA,8.096513,NA,"Biotic"
"97","Blastus_borneensis",5.689406,0.002733,7.947371,0.051696,"Abiotic"
"98","Blastus_cochinchinensis",5.682728,0.001093,7.423084,0.033049,"Abiotic"
"99","Brachyotum_benthamianum",5.662092,NA,6.991177,NA,"Abiotic"
"100","Brachyotum_confertum",5.659091,0.009237,6.776428,0.012543,"Abiotic"
"101","Brachyotum_fictum",5.645977,NA,6.852243,NA,"Abiotic"
"102","Brachyotum_fraternum",5.660005,NA,6.629363,NA,"Abiotic"
"103","Brachyotum_harlingii",5.659308,NA,6.869014,NA,"Abiotic"
"104","Brachyotum_incrassatum",5.654767,NA,6.993015,NA,"Abiotic"
"105","Brachyotum_ledifolium",5.654594,0.006385,7.393422,0.141169,"Abiotic"
"106","Brachyotum_lindenii",5.655171,0.00858,7.458119,0.121521,"Abiotic"
"107","Brachyotum_microdon",5.662117,0.004744,6.748045,0.073364,"Abiotic"
"108","Brachyotum_rostratum",5.65496,0.003968,6.864108,0.06446,"Abiotic"
"109","Brasilianthus_carajensis",5.697932,NA,7.537963,NA,"Abiotic"
"110","Bredia_microphylla",5.671756,0.006195,7.355246,0.028122,"Abiotic"
"111","Bredia_quadrangularis",5.673151,0.001611,7.391597,0.035221,"Abiotic"
"112","Bredia_sessilifolia",5.685371,0.002203,7.395663,0.043877,"Abiotic"
"113","Bucquetia_glutinosa",5.645112,0.001534,7.071462,0.034567,"Abiotic"
"114","Bucquetia_vernicosa",5.644555,0.002826,7.07527,0.047597,"Abiotic"
"115","Calvoa_orientalis",5.691832,0.001276,7.390129,0.026783,"Abiotic"
"116","Calycogonium_grisebachii",5.689515,NA,7.315884,NA,"Biotic"
"117","Calycogonium_revolutum",5.697597,NA,7.750184,NA,"Biotic"
"118","Calycogonium_rhamnoideum",5.693227,0.000674,7.307091,0.047272,"Biotic"
"119","Calycogonium_rosmarinifolium",5.689176,NA,7.340836,NA,"Biotic"
"120","Calycogonium_torbecianum",5.68409,NA,7.63627,NA,"Biotic"
"121","Calycogonium_turbinatum",5.657215,NA,7.385231,NA,"Biotic"
"122","Cambessedesia_eichleri",5.688596,0.003999,7.062956,0.05409,"Abiotic"
"123","Cambessedesia_espora",5.68085,0.001169,7.272035,0.02649,"Abiotic"
"124","Cambessedesia_gracilis",5.677267,NA,6.900731,NA,"Abiotic"
"125","Cambessedesia_hermogenesii",5.674868,NA,6.821107,NA,"Abiotic"
"126","Cambessedesia_hilariana",5.685517,0.001002,7.102022,0.034869,"Abiotic"
"127","Cambessedesia_membranacea",5.674525,NA,6.873164,NA,"Abiotic"
"128","Cambessedesia_purpurata",5.683221,0.003552,6.686813,0.12047,"Abiotic"
"129","Cambessedesia_rupestris",5.674525,NA,6.873164,NA,"Abiotic"
"130","Cambessedesia_semidecandra",5.679319,NA,7.341484,NA,"Abiotic"
"131","Cambessedesia_tenuis",5.682047,0.001022,6.792342,0.002244,"Abiotic"
"132","Castratella_piloselloides",5.642508,0.002369,7.137055,0.048935,"Abiotic"
"133","Catanthera_pilosa",5.689252,0.002424,7.706869,0.042931,"Biotic"
"134","Centradenia_floribunda",5.688048,0.004382,7.857342,0.251576,"Abiotic"
"135","Centradenia_inaequilateralis",5.689968,0.001493,7.784836,0.065985,"Abiotic"
"136","Centronia_laurifolia",5.688554,0.002623,7.620211,0.130087,"Abiotic"
"137","Chaetolepis_cufodontisii",5.666946,NA,8.251403,NA,"Abiotic"
"138","Chaetolepis_lindeniana",5.667966,0.012017,7.053647,0.215389,"Abiotic"
"139","Chaetolepis_microphylla",5.664294,0.008209,7.072222,0.072276,"Abiotic"
"140","Chaetostoma_armatum",5.678558,0.001699,7.203829,0.048816,"Abiotic"
"141","Chalybea_corymbifera",5.649502,NA,6.981006,NA,"Biotic"
"142","Charianthus_nodosus",5.689515,NA,8.1898,NA,"Biotic"
"143","Clidemia_allardii",5.69571,0.001099,7.887289,0.066234,"Biotic"
"144","Clidemia_almedae",5.692549,0.001115,8.232747,0.122266,"Biotic"
"145","Clidemia_alternifolia",5.702947,0.000725,8.064958,0.027072,"Biotic"
"146","Clidemia_ampla",5.670398,NA,7.127694,NA,"Biotic"
"147","Clidemia_aphanantha",5.700795,0.000618,7.925495,0.069342,"Biotic"
"148","Clidemia_biserrata",5.692809,0.000882,7.253766,0.039507,"Biotic"
"149","Clidemia_bullosa",5.697518,0.000815,7.61524,0.03698,"Biotic"
"150","Clidemia_capitata",5.691686,0.002244,7.799801,0.072598,"Biotic"
"151","Clidemia_capitellata",5.695633,0.000482,7.579165,0.023965,"Biotic"
"152","Clidemia_capituliflora",5.689176,NA,7.358831,NA,"Biotic"
"153","Clidemia_caudata",5.689975,0.002523,8.206844,0.101808,"Biotic"
"154","Clidemia_charadrophylla",5.689681,0.002198,7.783341,0.106867,"Biotic"
"155","Clidemia_ciliata",5.683077,0.002389,7.649952,0.105928,"Biotic"
"156","Clidemia_clandestina",5.686945,0.002952,8.002764,0.028535,"Biotic"
"157","Clidemia_conglomerata",5.697625,0.001005,7.807075,0.048598,"Biotic"
"158","Clidemia_crenulata",5.694104,0.001144,8.090358,0.060842,"Biotic"
"159","Clidemia_cubensis",5.693217,0.004379,7.555483,0.207539,"Biotic"
"160","Clidemia_debilis",5.689532,0.001048,7.02764,0.057173,"Biotic"
"161","Clidemia_dentata",5.695796,0.000559,7.773982,0.028694,"Biotic"
"162","Clidemia_dimorphica",5.695466,0.00115,7.932268,0.037151,"Biotic"
"163","Clidemia_discolor",5.695333,0.001505,8.058453,0.063273,"Biotic"
"164","Clidemia_epibaterium",5.698691,0.001207,7.86045,0.053052,"Biotic"
"165","Clidemia_epiphytica",5.695799,0.000765,8.019643,0.039386,"Biotic"
"166","Clidemia_erythropogon",5.695455,0.003925,7.631302,0.206743,"Biotic"
"167","Clidemia_fluminensis",5.68738,0.003596,7.112007,0.034267,"Biotic"
"168","Clidemia_folsomii",5.689853,NA,7.837949,NA,"Biotic"
"169","Clidemia_fulva",5.695489,0.001008,7.716967,0.09202,"Biotic"
"170","Clidemia_graciliflora",5.693235,0.002738,7.920585,0.093121,"Biotic"
"171","Clidemia_grisebachii",5.695582,NA,7.755339,NA,"Biotic"
"172","Clidemia_heptamera",5.697107,0.003161,7.437666,0.10684,"Biotic"
"173","Clidemia_heteroneura",5.69918,0.001998,8.042863,0.015989,"Biotic"
"174","Clidemia_heterophylla",5.696925,0.00081,7.918224,0.03674,"Biotic"
"175","Clidemia_inobsepta",5.691047,0.001472,7.970212,0.050421,"Biotic"
"176","Clidemia_involucrata",5.695136,0.00175,7.757943,0.051341,"Biotic"
"177","Clidemia_japurensis",5.700953,0.000459,7.834041,0.032828,"Biotic"
"178","Clidemia_killipii",5.693393,0.007638,8.314007,0.565138,"Biotic"
"179","Clidemia_laevifolia",5.698789,0.001267,7.711593,0.08029,"Biotic"
"180","Clidemia_monantha",5.689154,0.001826,7.521389,0.087558,"Biotic"
"181","Clidemia_mortoniana",5.670725,0.005857,8.101402,0.109809,"Biotic"
"182","Clidemia_myrmecina",5.696279,0.002243,8.003029,0.157027,"Biotic"
"183","Clidemia_ostrina",5.698097,0.001574,8.12732,0.084615,"Biotic"
"184","Clidemia_petiolaris",5.693058,0.002192,7.662007,0.06047,"Biotic"
"185","Clidemia_piperifolia",5.694087,0.003301,7.84204,0.081323,"Biotic"
"186","Clidemia_plumosa",5.685184,0.002608,7.199989,0.105865,"Biotic"
"187","Clidemia_pustulata",5.698269,0.001269,7.718377,0.045286,"Biotic"
"188","Clidemia_rodriguezii",5.688838,NA,8.019613,NA,"Biotic"
"189","Clidemia_rubra",5.698153,0.000633,7.695073,0.029511,"Biotic"
"190","Clidemia_septuplinervia",5.698586,0.000518,7.955751,0.028373,"Biotic"
"191","Clidemia_sericea",5.697168,0.000657,7.696417,0.031455,"Biotic"
"192","Clidemia_sessiliflora",5.68696,0.002191,7.910828,0.095792,"Biotic"
"193","Clidemia_spectabilis",5.680158,0.002391,7.952409,0.045856,"Biotic"
"194","Clidemia_sprucei",5.692248,0.002425,7.902962,0.093996,"Biotic"
"195","Clidemia_strigillosa",5.697448,0.000862,7.71056,0.034919,"Biotic"
"196","Clidemia_tetrapetala",5.675192,0.004449,7.991238,0.105903,"Biotic"
"197","Clidemia_umbrosa",5.694724,0.005887,7.707466,0.253904,"Biotic"
"198","Clidemia_urceolata",5.689104,0.000956,7.378747,0.042161,"Biotic"
"199","Clidemia_utleyana",5.683224,0.003645,7.896378,0.037211,"Biotic"
"200","Comolia_microphylla",5.698794,0.001348,7.762511,0.039009,"Abiotic"
"201","Comolia_ovalifolia",5.695688,0.000821,7.267074,0.079528,"Abiotic"
"202","Comolia_smithii",5.704003,0.000884,7.784156,0.11197,"Abiotic"
"203","Comolia_vernicosa",5.702059,0.000223,7.602563,0.16813,"Abiotic"
"204","Comolia_villosa",5.700906,0.000767,7.570141,0.045211,"Abiotic"
"205","Conostegia_bigibbosa",5.67624,NA,8.007034,NA,"Biotic"
"206","Conostegia_bracteata",5.692275,0.00177,7.945272,0.031863,"Biotic"
"207","Conostegia_brenesii",5.698374,0.002132,8.060119,0.222,"Biotic"
"208","Conostegia_caelestis",5.688421,0.003366,7.675284,0.096678,"Biotic"
"209","Conostegia_centronioides",5.685092,0.006498,7.939128,0.108509,"Biotic"
"210","Conostegia_cuatrecasii",5.694254,0.001675,7.94891,0.100583,"Biotic"
"211","Conostegia_icosandra",5.691144,0.001303,7.610222,0.053759,"Biotic"
"212","Conostegia_lasiopoda",5.692927,0.001658,8.166304,0.098793,"Biotic"
"213","Conostegia_micrantha",5.691204,0.002454,7.939337,0.102376,"Biotic"
"214","Conostegia_monteleagreana",5.682515,0.003119,8.134653,0.100662,"Biotic"
"215","Conostegia_oerstediana",5.682308,0.00735,7.928366,0.16518,"Biotic"
"216","Conostegia_pittieri",5.683908,0.002199,7.996724,0.057616,"Biotic"
"217","Conostegia_polyandra",5.701253,0.000263,8.367796,0.094728,"Biotic"
"218","Conostegia_rhodopetala",5.677441,0.003963,8.034183,0.067471,"Biotic"
"219","Conostegia_rubiginosa",5.703282,NA,8.903951,NA,"Biotic"
"220","Conostegia_rufescens",5.691197,0.002514,8.078,0.071197,"Biotic"
"221","Conostegia_setifera",5.695317,0.002937,8.22637,0.099,"Biotic"
"222","Conostegia_setosa",5.694101,0.001666,8.090361,0.099753,"Biotic"
"223","Conostegia_speciosa",5.699137,0.001125,7.692204,0.081235,"Biotic"
"224","Conostegia_subcrustulata",5.69547,0.001787,7.863362,0.081522,"Biotic"
"225","Conostegia_superba",5.686729,0.003147,7.929779,0.154389,"Biotic"
"226","Conostegia_tenuifolia",5.691825,0.002028,8.10977,0.037108,"Biotic"
"227","Conostegia_volcanalis",5.682993,0.00222,7.51699,0.071595,"Biotic"
"228","Conostegia_xalapensis",5.691517,0.001389,7.539266,0.053991,"Biotic"
"229","Cyphotheca_montana",5.672336,0.002317,7.117297,0.089026,"Abiotic"
"230","Desmoscelis_villosa",5.696543,0.00056,7.48374,0.025535,"Abiotic"
"231","Dichaetanthera_oblongifolia",5.679624,0.002359,7.295199,0.064808,"Abiotic"
"232","Dinophora_spenneroides",5.694642,0.001271,7.588624,0.034123,"Abiotic"
"233","Dionycha_bojerii",5.684131,0.005424,7.374759,0.056251,"Abiotic"
"234","Dissochaeta_annulata",5.697763,0.001213,7.924507,0.040799,"Biotic"
"235","Dissochaeta_bracteata",5.698602,NA,7.872455,NA,"Biotic"
"236","Dissochaeta_divaricata",5.699938,0.000726,7.820995,0.03145,"Biotic"
"237","Dissotis_crenulata",5.672918,0.00196,6.843015,0.120135,"Abiotic"
"238","Dissotis_cryptantha",5.681815,0.006471,7.145544,0.181959,"Abiotic"
"239","Dissotis_denticulata",5.677144,0.003021,7.112059,0.086771,"Abiotic"
"240","Dissotis_falcipila",5.682022,0.005101,7.113169,0.022797,"Abiotic"
"241","Dissotis_gilgiana",5.68088,0.002127,7.068561,0.034359,"Abiotic"
"242","Dissotis_grandiflora",5.698393,0.002405,7.218363,0.086809,"Abiotic"
"243","Dissotis_longisetosa",5.682799,0.003204,7.501377,0.075649,"Abiotic"
"244","Dissotis_perkinsiae",5.6861,0.002639,7.561659,0.060811,"Abiotic"
"245","Dissotis_princeps",5.680616,0.001804,7.140873,0.051086,"Abiotic"
"246","Dissotis_romiana",5.6843,0.002586,7.115586,0.047963,"Abiotic"
"247","Dissotis_thollonii",5.698512,0.002447,7.217877,0.102546,"Abiotic"
"248","Dissotis_trothae",5.679509,0.002894,7.137176,0.059615,"Abiotic"
"249","Dolichoura_spiritusanctensis",5.68477,NA,7.148346,NA,"Abiotic"
"250","Driessenia_glanduligera",5.691151,0.00362,8.085403,0.085928,"Abiotic"
"251","Dupineta_brazzae",5.689423,0.001335,7.398118,0.035392,"Abiotic"
"252","Eriocnema_fulva",5.672808,NA,7.378384,NA,"Abiotic"
"253","Ernestia_confertiflora",5.697539,0.000902,7.851002,0.042532,"Abiotic"
"254","Fordiophyton_cordifolium",5.685449,NA,7.474772,NA,"Abiotic"
"255","Fordiophyton_faberi",5.672587,0.001079,7.301662,0.02725,"Abiotic"
"256","Fritzschia_anisostemon",5.675662,0.002542,7.362712,0.018859,"Abiotic"
"257","Fritzschia_erecta",5.673495,NA,7.379008,NA,"Abiotic"
"258","Graffenrieda_emarginata",5.6746,0.00226,7.400066,0.076051,"Abiotic"
"259","Graffenrieda_harlingii",5.665908,NA,6.933423,NA,"Abiotic"
"260","Graffenrieda_hitchcockii",5.6885,NA,7.961021,NA,"Abiotic"
"261","Graffenrieda_intermedia",5.687889,0.001269,7.671894,0.068813,"Abiotic"
"262","Graffenrieda_latifolia",5.681555,0.003998,7.454694,0.126927,"Abiotic"
"263","Graffenrieda_limbata",5.695499,0.001462,7.708654,0.059143,"Abiotic"
"264","Graffenrieda_miconioides",5.693672,0.001956,7.747163,0.074591,"Abiotic"
"265","Graffenrieda_moritziana",5.669708,NA,7.100027,NA,"Abiotic"
"266","Graffenrieda_rotundifolia",5.707774,0.000166,7.739285,0.024161,"Abiotic"
"267","Graffenrieda_sessilifolia",5.685349,0.007056,7.962595,0.111381,"Abiotic"
"268","Graffenrieda_uribei",5.675558,0.004848,7.65756,0.08357,"Abiotic"
"269","Graffenrieda_weddellii",5.694293,0.001118,7.616234,0.045797,"Abiotic"
"270","Guyonia_ciliata",5.691766,0.001792,7.63178,0.048525,"Abiotic"
"271","Henriettea_granulata",5.701415,0.00101,7.80239,0.038832,"Biotic"
"272","Henriettea_multiflora",5.699164,0.001351,7.623919,0.094926,"Biotic"
"273","Henriettea_patrisiana",5.699823,0.000923,7.68171,0.068676,"Biotic"
"274","Henriettea_ramiflora",5.698556,0.001036,7.738502,0.047453,"Biotic"
"275","Henriettea_spruceana",5.702871,0.000441,7.870832,0.030223,"Biotic"
"276","Henriettea_succosa",5.698096,0.000544,7.600614,0.040941,"Biotic"
"277","Henriettea_uniflora",5.675212,NA,7.393878,NA,"Biotic"
"278","Heterocentron_elegans",5.681231,0.002258,7.353954,0.10401,"Abiotic"
"279","Heterocentron_subtriplinervium",5.68421,0.00164,7.369227,0.042625,"Abiotic"
"280","Heterotis_prostrata",5.697173,0.002173,7.40208,0.132499,"Abiotic"
"281","Huberia_consimilis",5.683137,0.002227,6.897213,0.084396,"Abiotic"
"282","Huberia_ovalifolia",5.688461,0.001545,7.121854,0.076046,"Abiotic"
"283","Huberia_peruviana",5.671762,0.005163,7.165107,0.000387,"Abiotic"
"284","Itatiaia_cleistopetala",5.668673,NA,7.436028,NA,"Abiotic"
"285","Kendrickia_walkeri",5.675897,NA,7.895808,NA,"Biotic"
"286","Lavoisiera_alba",5.674437,0.001383,7.317944,0.032544,"Abiotic"
"287","Lavoisiera_caryophyllea",5.675897,NA,7.364547,NA,"Abiotic"
"288","Lavoisiera_confertiflora",5.678974,0.002392,7.333225,0.030055,"Abiotic"
"289","Lavoisiera_crassifolia",5.681355,0.004772,7.186097,0.117074,"Abiotic"
"290","Lavoisiera_imbricata",5.678964,0.001518,7.224682,0.031057,"Abiotic"
"291","Lavoisiera_macrocarpa",5.673495,NA,7.377759,NA,"Abiotic"
"292","Lavoisiera_mucorifera",5.678977,NA,7.260523,NA,"Abiotic"
"293","Lavoisiera_pulchella",5.671311,0.002303,7.258434,0.033769,"Abiotic"
"294","Lavoisiera_subulata",5.675212,NA,7.365813,NA,"Abiotic"
"295","Leandra_acutiflora",5.673996,0.001315,7.398082,0.035607,"Biotic"
"296","Leandra_adenothrix",5.686128,NA,7.344719,NA,"Biotic"
"297","Leandra_agrestis",5.697496,0.001288,7.829702,0.027675,"Biotic"
"298","Leandra_amplexicaulis",5.674424,0.001283,7.321013,0.029763,"Biotic"
"299","Leandra_aristigera",5.698792,0.000871,7.907025,0.029381,"Biotic"
"300","Leandra_aspera",5.680684,NA,7.185387,NA,"Biotic"
"301","Leandra_aurea",5.679482,0.000987,7.213762,0.024853,"Biotic"
"302","Leandra_australis",5.676426,0.000794,7.398219,0.026451,"Biotic"
"303","Leandra_barbinervis",5.668139,0.001487,7.495442,0.044555,"Biotic"
"304","Leandra_blanchetiana",5.682726,0.002383,6.850499,0.037054,"Biotic"
"305","Leandra_brackenridgei",5.671431,0.001033,7.525199,0.300445,"Biotic"
"306","Leandra_breviflora",5.686806,NA,7.201916,NA,"Biotic"
"307","Leandra_calvescens",5.660321,0.008007,7.532627,0.156744,"Biotic"
"308","Leandra_cancellata",5.678107,0.002134,7.147352,0.078026,"Biotic"
"309","Leandra_carassana",5.671463,0.001432,7.417509,0.025415,"Biotic"
"310","Leandra_cardiophylla",5.675206,0.001852,7.51959,0.161434,"Biotic"
"311","Leandra_catharinensis",5.666748,0.002635,7.45498,0.045583,"Biotic"
"312","Leandra_chaetodon",5.697169,0.001028,7.967161,0.037518,"Biotic"
"313","Leandra_coadunata",5.702279,0.001671,7.781825,0.003065,"Biotic"
"314","Leandra_collina",5.670398,NA,7.745003,NA,"Biotic"
"315","Leandra_cordigera",5.670714,0.002684,7.444547,0.080161,"Biotic"
"316","Leandra_coriacea",5.676917,0.00182,7.339542,0.02782,"Biotic"
"317","Leandra_crenata",5.671826,0.003798,6.848713,0.080395,"Biotic"
"318","Leandra_cristata",5.680684,NA,7.185387,NA,"Biotic"
"319","Leandra_cuneata",5.689637,0.002562,7.066401,0.123751,"Biotic"
"320","Leandra_dendroides",5.6736,0.003141,7.342262,0.036942,"Biotic"
"321","Leandra_dentata",5.663134,NA,7.49276,NA,"Biotic"
"322","Leandra_dichotoma",5.694508,0.000752,7.851672,0.042351,"Biotic"
"323","Leandra_diffusa",5.688653,0.005584,7.122541,0.047578,"Biotic"
"324","Leandra_divaricata",5.699347,0.001065,7.646171,0.056185,"Biotic"
"325","Leandra_echinata",5.671727,0.001254,7.331782,0.023247,"Biotic"
"326","Leandra_edentula",5.678292,0.002051,7.729647,0.024835,"Biotic"
"327","Leandra_eichleri",5.667412,0.004569,7.40473,0.073872,"Biotic"
"328","Leandra_erostrata",5.674497,0.001628,7.327545,0.024449,"Biotic"
"329","Leandra_fallacissima",5.685449,NA,7.145984,NA,"Biotic"
"330","Leandra_fallax",5.671456,0.001726,7.323987,0.056017,"Biotic"
"331","Leandra_fluminensis",5.679815,0.005634,6.856368,0.013685,"Biotic"
"332","Leandra_fontanae",5.68375,NA,7.160069,NA,"Biotic"
"333","Leandra_foveolata",5.674696,0.002763,7.311094,0.046328,"Biotic"
"334","Leandra_glabrata",5.683409,0.000589,7.139067,0.008047,"Biotic"
"335","Leandra_glandulifera",5.698619,0.00178,7.905887,0.054332,"Biotic"
"336","Leandra_glazioviana",5.679469,0.0017,7.271677,0.035557,"Biotic"
"337","Leandra_gracilis",5.671352,0.001843,7.421065,0.052306,"Biotic"
"338","Leandra_granatensis",5.696369,0.001096,8.053393,0.069644,"Biotic"
"339","Leandra_hatschbachii",5.664868,NA,7.539027,NA,"Biotic"
"340","Leandra_heteroporata",5.697261,NA,7.40001,NA,"Biotic"
"341","Leandra_hirta",5.675519,0.00235,7.304993,0.039205,"Biotic"
"342","Leandra_hirtella",5.672683,0.001706,7.370193,0.036976,"Biotic"
"343","Leandra_ionopogon",5.687761,0.001415,6.953044,0.071592,"Biotic"
"344","Leandra_itatiaiae",5.678054,0.003485,7.367728,0.028784,"Biotic"
"345","Leandra_lacunosa",5.678487,0.001736,7.300975,0.025222,"Biotic"
"346","Leandra_laevigata",5.670544,0.000895,7.432843,0.040617,"Biotic"
"347","Leandra_lancifolia",5.67382,0.002294,7.343155,0.030916,"Biotic"
"348","Leandra_laxa",5.671587,0.001909,7.376188,0.060053,"Biotic"
"349","Leandra_longicoma",5.696691,0.000869,7.890368,0.031623,"Biotic"
"350","Leandra_magdalenensis",5.670743,NA,7.305188,NA,"Biotic"
"351","Leandra_melanodesma",5.673674,0.00244,7.449994,0.074615,"Biotic"
"352","Leandra_melastomoides",5.67875,0.001026,7.304695,0.02574,"Biotic"
"353","Leandra_mexicana",5.694625,0.001248,7.825504,0.05604,"Biotic"
"354","Leandra_micropetala",5.699497,0.000983,7.715812,0.036795,"Biotic"
"355","Leandra_microphylla",5.668672,0.001381,7.340374,0.016544,"Biotic"
"356","Leandra_mollis",5.670398,NA,7.319202,NA,"Biotic"
"357","Leandra_mouraei",5.663134,NA,7.49276,NA,"Biotic"
"358","Leandra_multiplinervis",5.67669,0.002021,7.400231,0.054698,"Biotic"
"359","Leandra_nanayensis",5.702414,0.000766,7.935095,0.028267,"Biotic"
"360","Leandra_nervosa",5.665921,0.002624,7.353681,0.101921,"Biotic"
"361","Leandra_neurotricha",5.67629,0.015589,7.346743,0.21905,"Biotic"
"362","Leandra_nianga",5.677736,0.002183,7.255805,0.030399,"Biotic"
"363","Leandra_pallida",5.660309,0.0094,7.599809,0.112635,"Biotic"
"364","Leandra_pennipilis",5.670116,0.007223,7.434459,0.109572,"Biotic"
"365","Leandra_phelpsiae",5.677356,0.005073,8.083159,0.029693,"Biotic"
"366","Leandra_pilonensis",5.67166,0.00113,7.372254,0.066961,"Biotic"
"367","Leandra_planifilamentosa",5.669704,0.002106,7.348048,0.030963,"Biotic"
"368","Leandra_polyadena",5.671585,0.006024,7.677562,0.011809,"Biotic"
"369","Leandra_polystachya",5.674874,0.002082,7.353832,0.028597,"Biotic"
"370","Leandra_purpurascens",5.673604,0.000939,7.363618,0.019941,"Biotic"
"371","Leandra_purpurea",5.694783,0.002439,7.620479,0.096919,"Biotic"
"372","Leandra_purpureovillosa",5.670087,0.002026,7.408385,0.039604,"Biotic"
"373","Leandra_quinquedentata",5.670877,0.001727,7.41127,0.035939,"Biotic"
"374","Leandra_quinquenodis",5.673735,0.008325,7.341761,0.108968,"Biotic"
"375","Leandra_refracta",5.673398,0.001412,7.377151,0.048177,"Biotic"
"376","Leandra_regnellii",5.672639,0.001058,7.421876,0.026285,"Biotic"
"377","Leandra_reitzii",5.677947,0.002278,7.47696,0.042162,"Biotic"
"378","Leandra_reptans",5.68477,NA,7.148346,NA,"Biotic"
"379","Leandra_rhamnifolia",5.694102,0.000678,7.439825,0.081056,"Biotic"
"380","Leandra_ribesiaeflora",5.670398,NA,7.745003,NA,"Biotic"
"381","Leandra_rigida",5.681841,0.004967,7.277536,0.068058,"Biotic"
"382","Leandra_rufescens",5.697778,0.000709,7.576943,0.054232,"Biotic"
"383","Leandra_sabiaensis",5.685109,NA,7.579168,NA,"Biotic"
"384","Leandra_salicina",5.678638,0.001731,7.269449,0.060581,"Biotic"
"385","Leandra_secundiflora",5.696665,0.002913,7.925562,0.051276,"Biotic"
"386","Leandra_sericea",5.673468,0.002459,7.305692,0.047586,"Biotic"
"387","Leandra_solenifera",5.697561,0.00068,7.845772,0.032247,"Biotic"
"388","Leandra_strigilliflora",5.68012,0.003055,7.215846,0.051997,"Biotic"
"389","Leandra_subobruta",5.700276,NA,7.380256,NA,"Biotic"
"390","Leandra_subseriata",5.669438,0.001606,7.408093,0.056942,"Biotic"
"391","Leandra_subulata",5.684836,0.00228,7.971146,0.050935,"Biotic"
"392","Leandra_sulfurea",5.669358,0.003719,7.415702,0.062416,"Biotic"
"393","Leandra_tetraquetra",5.674635,0.003683,7.473122,0.053923,"Biotic"
"394","Leandra_therezopolitana",5.656866,NA,7.534763,NA,"Biotic"
"395","Leandra_tomentosa",5.669018,0.00069,7.380133,0.10704,"Biotic"
"396","Leandra_triantha",5.68477,NA,7.148346,NA,"Biotic"
"397","Leandra_ulaei",5.677001,0.002586,7.359813,0.030517,"Biotic"
"398","Leandra_umbellata",5.680207,0.002981,7.26346,0.03449,"Biotic"
"399","Leandra_variabilis",5.676525,0.001584,7.365266,0.037885,"Biotic"
"400","Leandra_vesiculosa",5.652314,NA,7.689371,NA,"Biotic"
"401","Leandra_xanthocoma",5.672944,0.000848,7.391154,0.021534,"Biotic"
"402","Leandra_xantholasia",5.673365,0.001952,7.263712,0.056343,"Biotic"
"403","Leandra_xanthostachya",5.677536,0.002957,7.345365,0.079494,"Biotic"
"404","Lijndenia_laurina",5.702201,0.000962,7.935866,0.044801,"Biotic"
"405","Macairea_multinervia",5.697352,0.002884,7.820839,0.086925,"Abiotic"
"406","Macairea_radula",5.692471,0.000573,7.256605,0.019838,"Abiotic"
"407","Macairea_thyrsiflora",5.700436,0.000479,7.760817,0.022749,"Abiotic"
"408","Macrocentrum_anfractum",5.690178,0.005069,7.492143,0.100727,"Abiotic"
"409","Macrocentrum_cristatum",5.6967,0.001328,7.75481,0.05012,"Abiotic"
"410","Macrocentrum_droseroides",5.691308,0.003919,7.714851,0.084045,"Abiotic"
"411","Macrocentrum_gesneriaceum",5.691879,NA,7.522941,NA,"Abiotic"
"412","Macrocentrum_minus",5.682914,0.003097,7.683052,0.083235,"Abiotic"
"413","Macrocentrum_neblinae",5.690224,0.005838,8.038004,0.06705,"Abiotic"
"414","Macrocentrum_vestitum",5.691541,0.000337,7.909487,0.019279,"Abiotic"
"415","Maguireanthus_ayangannae",5.687822,0,7.736744,0,"Abiotic"
"416","Maieta_guianensis",5.698815,0.000517,7.850889,0.017323,"Biotic"
"417","Maieta_poeppigii",5.699952,0.001182,7.773565,0.038389,"Biotic"
"418","Marcetia_acerosa",5.676583,NA,7.30317,NA,"Abiotic"
"419","Marcetia_alba",5.685449,NA,6.842683,NA,"Abiotic"
"420","Marcetia_candolleana",5.677952,NA,6.809039,NA,"Abiotic"
"421","Marcetia_canescens",5.682557,0.001006,6.623683,0.077772,"Abiotic"
"422","Marcetia_eimeariana",5.671087,0,6.908755,0,"Abiotic"
"423","Marcetia_formosa",5.673495,NA,6.904751,NA,"Abiotic"
"424","Marcetia_grandiflora",5.677267,0,6.905741,0.00501,"Abiotic"
"425","Marcetia_harleyi",5.68153,0.003579,6.812344,0.0011,"Abiotic"
"426","Marcetia_latifolia",5.681025,NA,6.609349,NA,"Abiotic"
"427","Marcetia_macrophylla",5.691541,NA,7.037028,NA,"Abiotic"
"428","Marcetia_mucugensis",5.681707,NA,6.846943,NA,"Abiotic"
"429","Marcetia_taxifolia",5.685038,0.001222,7.087287,0.039908,"Abiotic"
"430","Marcetia_velutina",5.680906,0.002405,6.730236,0.085646,"Abiotic"
"431","Marcetia_viscida",5.674525,NA,6.873164,NA,"Abiotic"
"432","Mecranium_ovatum",5.69289,NA,7.170888,NA,"Biotic"
"433","Mecranium_septentrionale",5.686806,NA,7.353722,NA,"Biotic"
"434","Medinilla_rubrifrons",5.692667,0.006018,7.859319,0.126246,"Biotic"
"435","Medinilla_sessiliflora",5.698814,0.002174,8.169978,0.065826,"Biotic"
"436","Medinilla_stephanostegia",5.68409,NA,7.695758,NA,"Biotic"
"437","Medinilla_suberosa",5.687145,NA,7.712891,NA,"Biotic"
"438","Melastoma_beccarianum",5.694028,0.004031,7.791539,0.070083,"Biotic"
"439","Melastoma_crinitum",5.695706,0.002292,7.867354,0.08009,"Biotic"
"440","Melastoma_cyanoides",5.691084,0.002664,7.754058,0.122362,"Biotic"
"441","Melastoma_denticulatum",5.691481,0.002434,7.776137,0.10058,"Biotic"
"442","Melastoma_dodecandrum",5.677476,0.000872,7.375676,0.012966,"Biotic"
"443","Melastoma_intermedium",5.683297,0.001991,7.423042,0.081007,"Biotic"
"444","Melastoma_malabathricum",5.689195,0.000933,7.588178,0.029494,"Biotic"
"445","Melastoma_orientale",5.700866,0.001086,7.742648,0.091237,"Biotic"
"446","Melastoma_sanguineum",5.691425,0.001051,7.490159,0.043138,"Biotic"
"447","Memecylon_amshoffiae",5.699607,0.000334,7.628342,0.042553,"Biotic"
"448","Memecylon_arcuatomarginatum",5.699607,NA,7.895808,NA,"Biotic"
"449","Memecylon_bachmannii",5.673822,0.005839,6.852269,0.158945,"Biotic"
"450","Memecylon_bakerianum",5.678305,0.003528,7.445711,0.116037,"Biotic"
"451","Memecylon_bakossiense",5.692553,NA,7.949444,NA,"Biotic"
"452","Memecylon_batekeanum",5.696254,0,7.578145,0,"Biotic"
"453","Memecylon_boinense",5.702363,0.000938,7.303056,0.029588,"Biotic"
"454","Memecylon_buxoides",5.691879,0,6.57368,0,"Biotic"
"455","Memecylon_caeruleum",5.695986,0.004371,7.587878,0.094685,"Biotic"
"456","Memecylon_calophyllum",5.695577,0.001087,7.600287,0.061722,"Biotic"
"457","Memecylon_candidum",5.699997,0.000409,7.907749,0.033944,"Biotic"
"458","Memecylon_cantleyi",5.701908,0.000517,7.808715,0.053245,"Biotic"
"459","Memecylon_clavistaminum",5.690173,0.002984,7.863746,0.118318,"Biotic"
"460","Memecylon_cogniauxii",5.687812,0.003226,7.040584,0.07322,"Biotic"
"461","Memecylon_confusum",5.674575,0.015616,7.630965,0.124374,"Biotic"
"462","Memecylon_dasyanthum",5.688296,0.003733,7.76024,0.049694,"Biotic"
"463","Memecylon_deminutum",5.672464,NA,7.228388,NA,"Biotic"
"464","Memecylon_durum",5.699267,0.001205,8.171585,0.065296,"Biotic"
"465","Memecylon_edule",5.699795,0.00114,7.743267,0.066448,"Biotic"
"466","Memecylon_eduliforme",5.692919,0.001433,7.751071,0.099184,"Biotic"
"467","Memecylon_englerianum",5.695862,0.002028,7.670391,0.116975,"Biotic"
"468","Memecylon_flavovirens",5.680374,0.001454,7.035809,0.035084,"Biotic"
"469","Memecylon_fragrans",5.699272,0.000335,6.791392,0.119359,"Biotic"
"470","Memecylon_germainii",5.697758,0.003521,7.452642,0.0429,"Biotic"
"471","Memecylon_greenwayi",5.692376,0.004214,6.922032,0.234924,"Biotic"
"472","Memecylon_impressivenum",5.691204,NA,7.895436,NA,"Biotic"
"473","Memecylon_infuscatum",5.692327,0.000757,7.905595,0.038328,"Biotic"
"474","Memecylon_interjectum",5.687145,NA,7.822044,NA,"Biotic"
"475","Memecylon_klaineanum",5.698208,0.001226,7.683955,0.069988,"Biotic"
"476","Memecylon_kupeanum",5.680343,NA,7.834392,NA,"Biotic"
"477","Memecylon_laurentii",5.695204,0.000758,7.532013,0.03175,"Biotic"
"478","Memecylon_lilacinum",5.70029,0.000719,7.794226,0.049788,"Biotic"
"479","Memecylon_longipetalum",5.686971,0.0021,7.464237,0.063519,"Biotic"
"480","Memecylon_louvelianum",5.683417,0.002028,7.42158,0.075743,"Biotic"
"481","Memecylon_macrodendron",5.697997,0.000756,7.616109,0.082399,"Biotic"
"482","Memecylon_magnifoliatum",5.668673,NA,6.879356,NA,"Biotic"
"484","Memecylon_megacarpum",5.695101,0.006389,8.113473,0.110561,"Biotic"
"485","Memecylon_mocquerysii",5.688821,0.005752,7.876832,0.186546,"Biotic"
"486","Memecylon_myrianthum",5.694702,0.001557,7.460231,0.05793,"Biotic"
"487","Memecylon_natalense",5.680215,0.002381,6.885471,0.084792,"Biotic"
"488","Memecylon_occultum",5.694057,0.002836,7.663588,0.068834,"Biotic"
"489","Memecylon_oubanguianum",5.692553,0.000337,7.530122,0.149274,"Biotic"
"490","Memecylon_pauciflorum",5.701519,0.000584,7.174564,0.028848,"Biotic"
"491","Memecylon_peracuminatum",5.688832,0.002379,7.781508,0.039587,"Biotic"
"492","Memecylon_perditum",5.691794,0.003379,7.623106,0.10146,"Biotic"
"493","Memecylon_plebejum",5.697312,0.002901,7.070294,0.03237,"Biotic"
"494","Memecylon_polyanthum",5.690191,NA,7.140453,NA,"Biotic"
"495","Memecylon_rivulare",5.699607,NA,8.151622,NA,"Biotic"
"496","Memecylon_rostratum",5.703282,NA,8.075272,NA,"Biotic"
"497","Memecylon_royenii",5.703782,0.000167,8.097055,0.180611,"Biotic"
"498","Memecylon_scutellatum",5.698039,0.001267,7.447639,0.063324,"Biotic"
"499","Memecylon_sejunctum",5.688749,0.003625,7.37791,0.04705,"Biotic"
"500","Memecylon_sitanum",5.695246,NA,7.599902,NA,"Biotic"
"501","Memecylon_teitense",5.685109,NA,6.978214,NA,"Biotic"
"502","Memecylon_torrei",5.698937,NA,6.936343,NA,"Biotic"
"503","Memecylon_ulopterum",5.689674,0.002508,7.833756,0.070413,"Biotic"
"504","Memecylon_umbellatum",5.6995,0.002586,7.219657,0.096234,"Biotic"
"505","Memecylon_verruculosum",5.68747,0.005286,7.115337,0.11727,"Biotic"
"506","Memecylon_virescens",5.699774,0.000837,7.725969,0.022059,"Biotic"
"507","Memecylon_xiphophyllum",5.693564,NA,7.975908,NA,"Biotic"
"508","Memecylon_zenkeri",5.691924,0.002679,7.743168,0.066407,"Biotic"
"509","Meriania_acostae",5.670565,0.003274,7.582144,0.126267,"Abiotic"
"510","Meriania_arborea",5.655817,NA,7.106606,NA,"Abiotic"
"511","Meriania_calophylla",5.691879,NA,7.09091,NA,"Abiotic"
"512","Meriania_calyptrata",5.671776,NA,7.528332,NA,"Abiotic"
"513","Meriania_ekmanii",5.672808,NA,7.659171,NA,"Abiotic"
"514","Meriania_franciscana",5.6666,NA,7.165493,NA,"Abiotic"
"515","Meriania_hernandoi",5.670777,0.003064,7.819357,0.153608,"Abiotic"
"516","Meriania_hexamera",5.676511,0.001994,7.576402,0.092384,"Abiotic"
"517","Meriania_leucantha",5.698769,0.001172,7.499031,0.342855,"Abiotic"
"518","Meriania_macrophylla",5.675347,0.00303,7.581661,0.11058,"Abiotic"
"519","Meriania_robusta",5.68443,NA,7.165493,NA,"Abiotic"
"520","Meriania_sclerophylla",5.685894,0.002742,7.70009,0.117595,"Abiotic"
"521","Meriania_urceolata",5.698862,0.001034,7.820645,0.028898,"Abiotic"
"522","Merianthera_bullata",5.68375,NA,7.160069,NA,"Abiotic"
"523","Merianthera_burlemarxii",5.693564,NA,7.053586,NA,"Abiotic"
"524","Merianthera_eburnea",5.68375,0.00034,6.864118,0.020368,"Abiotic"
"525","Merianthera_parvifolia",5.690017,0.002872,7.087101,0.042196,"Abiotic"
"526","Merianthera_pulchra",5.693766,0.000229,6.970916,0.056718,"Abiotic"
"527","Merianthera_verrucosa",5.691879,NA,7.091742,NA,"Abiotic"
"528","Miconia_abbreviata",5.697607,0.001031,7.826161,0.042042,"Biotic"
"529","Miconia_acreana",5.699105,0.000168,7.575108,0.090177,"Biotic"
"530","Miconia_acuminata",5.697059,0.001895,7.676348,0.084742,"Biotic"
"531","Miconia_acuminifera",5.675533,0.002191,7.704088,0.062842,"Biotic"
"532","Miconia_aeruginosa",5.679525,0.001627,7.500383,0.056732,"Biotic"
"533","Miconia_affinis",5.695409,0.000595,7.699978,0.025566,"Biotic"
"534","Miconia_aggregata",5.671292,0.002713,7.466241,0.068695,"Biotic"
"535","Miconia_alata",5.700134,0.00055,7.658774,0.026519,"Biotic"
"536","Miconia_albertobrenesii",5.689233,0.001548,8.037509,0.051019,"Biotic"
"537","Miconia_albicans",5.692874,0.000499,7.363007,0.025214,"Biotic"
"538","Miconia_alboglandulosa",5.681471,0.0026,7.948041,0.061597,"Biotic"
"539","Miconia_alborosea",5.648798,NA,7.127694,NA,"Biotic"
"540","Miconia_alborufescens",5.692066,0.000999,7.316384,0.05061,"Biotic"
"541","Miconia_aliquantula",5.699731,0.000857,7.80438,0.040494,"Biotic"
"542","Miconia_alternans",5.696778,0.001542,7.670926,0.126502,"Biotic"
"543","Miconia_amilcariana",5.665215,NA,6.794587,NA,"Biotic"
"544","Miconia_ampla",5.697801,0.000608,7.835005,0.03841,"Biotic"
"545","Miconia_amplinodis",5.683452,0.008417,8.064717,0.04578,"Biotic"
"546","Miconia_anchicayensis",5.695582,NA,7.873217,NA,"Biotic"
"547","Miconia_andersonii",5.684559,0.009858,7.814059,0.185545,"Biotic"
"548","Miconia_andreana",5.675897,NA,7.441907,NA,"Biotic"
"549","Miconia_androsaemifolia",5.699272,NA,7.30586,NA,"Biotic"
"550","Miconia_apiculata",5.669708,NA,7.679714,NA,"Biotic"
"551","Miconia_aplostachya",5.702571,0.000565,7.769605,0.02893,"Biotic"
"552","Miconia_aponeura",5.688627,0.003783,7.965149,0.119867,"Biotic"
"553","Miconia_appendiculata",5.691804,0.002071,8.002787,0.080352,"Biotic"
"554","Miconia_approximata",5.697883,0.001284,8.099693,0.063319,"Biotic"
"555","Miconia_araguensis",5.677123,0.004727,7.415552,0.126346,"Biotic"
"556","Miconia_arboricola",5.690858,0.001807,8.070923,0.146033,"Biotic"
"557","Miconia_argentea",5.697859,0.000875,7.753033,0.040614,"Biotic"
"558","Miconia_argyraea",5.691045,0.006786,7.428359,0.20306,"Biotic"
"559","Miconia_argyrophylla",5.698712,0.000753,7.704175,0.030667,"Biotic"
"560","Miconia_asclepiadea",5.670802,0.003121,7.634642,0.093708,"Biotic"
"561","Miconia_aspergillaris",5.655112,0.003149,6.721841,0.039732,"Biotic"
"562","Miconia_asperrima",5.671681,0.002999,7.646957,0.097784,"Biotic"
"563","Miconia_astroplocama",5.688477,0.001967,7.781375,0.067493,"Biotic"
"564","Miconia_atropurpurea",5.694967,0.002217,8.206491,0.143874,"Biotic"
"565","Miconia_aulocalyx",5.699837,0.000655,7.830621,0.049663,"Biotic"
"566","Miconia_aureoides",5.694898,0.0014,7.838411,0.055399,"Biotic"
"567","Miconia_baracoensis",5.700611,NA,7.404888,NA,"Biotic"
"568","Miconia_barbeyana",5.678725,0.002659,7.433227,0.096345,"Biotic"
"569","Miconia_barbinervis",5.695416,0.001218,7.886025,0.038255,"Biotic"
"570","Miconia_barkeri",5.669708,NA,7.679714,NA,"Biotic"
"571","Miconia_baumgratziana",5.67996,0.005286,7.172195,0.094358,"Biotic"
"572","Miconia_bensparrei",5.639415,0.003733,7.160764,0.030665,"Biotic"
"573","Miconia_benthamiana",5.686859,0.002133,7.905248,0.078931,"Biotic"
"574","Miconia_bicolor",5.693395,0.000168,7.285274,0.033928,"Biotic"
"575","Miconia_biglandulosa",5.698012,0.002061,7.909291,0.047793,"Biotic"
"576","Miconia_biperulifera",5.680161,0.013509,7.979055,0.0813,"Biotic"
"577","Miconia_boliviensis",5.66364,0.003631,6.884176,0.102065,"Biotic"
"578","Miconia_brachybotrya",5.694704,0.002893,7.963047,0.081924,"Biotic"
"579","Miconia_brachycalyx",5.688206,0.002819,8.214577,0.133058,"Biotic"
"580","Miconia_brachygyna",5.672026,0.003257,7.566529,0.120372,"Biotic"
"581","Miconia_bracteata",5.695901,0.001217,7.718297,0.053345,"Biotic"
"582","Miconia_bracteolata",5.647085,0.002659,7.061156,0.065097,"Biotic"
"583","Miconia_bractiflora",5.692187,0.002193,8.357286,0.13048,"Biotic"
"584","Miconia_brevitheca",5.675303,0.004313,7.649042,0.186202,"Biotic"
"585","Miconia_brunnea",5.675672,0.001377,7.336978,0.021496,"Biotic"
"586","Miconia_bubalina",5.695514,0.000966,7.750914,0.032737,"Biotic"
"587","Miconia_bullata",5.646153,0.000177,6.818667,0.084076,"Biotic"
"588","Miconia_buxifolia",5.654175,0.007959,7.184323,0.119089,"Biotic"
"589","Miconia_cabucu",5.675072,0.001217,7.405832,0.059474,"Biotic"
"590","Miconia_calignosa",5.678636,NA,7.974877,NA,"Biotic"
"591","Miconia_calycina",5.689282,0.002625,7.261239,0.040286,"Biotic"
"592","Miconia_campestris",5.699819,0.001444,7.804719,0.070309,"Biotic"
"593","Miconia_capitellata",5.676335,0.004282,7.577747,0.119321,"Biotic"
"594","Miconia_capixaba",5.685449,NA,7.145984,NA,"Biotic"
"595","Miconia_carnea",5.657913,NA,7.965198,NA,"Biotic"
"596","Miconia_cataractae",5.649596,0.003066,7.087192,0.088501,"Biotic"
"597","Miconia_caudata",5.678547,0.002984,7.670913,0.063875,"Biotic"
"598","Miconia_caudigera",5.68507,0.001534,6.883121,0.089054,"Biotic"
"599","Miconia_centrodesma",5.69311,0.000951,7.854086,0.034874,"Biotic"
"600","Miconia_cerasiflora",5.698602,NA,7.487174,NA,"Biotic"
"601","Miconia_cercophora",5.673597,0.010207,7.867235,0.303214,"Biotic"
"602","Miconia_chamissois",5.690062,0.000674,7.246226,0.015364,"Biotic"
"603","Miconia_chartacea",5.683623,0.001356,7.285623,0.045094,"Biotic"
"604","Miconia_chionophila",5.646642,0.003095,7.170555,0.075423,"Biotic"
"605","Miconia_chrysocoma",5.675593,0.016285,7.704495,0.476106,"Biotic"
"606","Miconia_chrysophylla",5.697916,0.000778,7.660407,0.028958,"Biotic"
"607","Miconia_ciliata",5.69681,0.000543,7.577982,0.026795,"Biotic"
"608","Miconia_cinerascens",5.674397,0.001037,7.428518,0.019406,"Biotic"
"609","Miconia_cinnamomifolia",5.68368,0.001204,7.230945,0.032099,"Biotic"
"610","Miconia_cipoensis",5.675897,NA,7.364547,NA,"Biotic"
"611","Miconia_cladonia",5.659533,0.003548,7.536019,0.08883,"Biotic"
"612","Miconia_collatata",5.684969,0.001441,7.319952,0.032182,"Biotic"
"613","Miconia_complanata",5.6666,NA,7.165493,NA,"Biotic"
"614","Miconia_concinna",5.674525,NA,7.798113,NA,"Biotic"
"615","Miconia_coriacea",5.676583,NA,7.991592,NA,"Biotic"
"616","Miconia_coronata",5.681326,0.002709,7.606761,0.096414,"Biotic"
"617","Miconia_corymbiformis",5.65943,0.005902,7.299785,0.160957,"Biotic"
"618","Miconia_costaricensis",5.672831,0.002548,7.81639,0.084819,"Biotic"
"619","Miconia_crassinervia",5.696284,0.00202,7.733072,0.056139,"Biotic"
"620","Miconia_cremadena",5.676675,0.004697,8.190129,0.100064,"Biotic"
"621","Miconia_cremophylla",5.66606,0.003268,7.69299,0.116734,"Biotic"
"622","Miconia_crocea",5.660346,0.011059,7.254375,0.288549,"Biotic"
"623","Miconia_cubatanensis",5.679628,0.001495,7.302031,0.044852,"Biotic"
"624","Miconia_cubensis",5.683069,NA,7.567863,NA,"Biotic"
"625","Miconia_cuprea",5.653467,0.007063,7.133059,0.040132,"Biotic"
"626","Miconia_cuspidata",5.697417,0.000806,7.532851,0.039719,"Biotic"
"627","Miconia_cuspidatissima",5.680002,NA,7.996317,NA,"Biotic"
"628","Miconia_cyanocarpa",5.678408,0.002251,7.333541,0.073731,"Biotic"
"629","Miconia_cyathanthera",5.674426,0.003907,7.359369,0.05372,"Biotic"
"630","Miconia_dapsiliflora",5.658221,0.009071,7.471294,0.237117,"Biotic"
"631","Miconia_decurrens",5.693557,0.002034,7.820319,0.068047,"Biotic"
"632","Miconia_delicatula",5.696812,0.00132,7.335046,0.028495,"Biotic"
"633","Miconia_denticulata",5.661748,0.002383,7.060523,0.105126,"Biotic"
"634","Miconia_desmantha",5.686791,0.001769,7.549012,0.086703,"Biotic"
"635","Miconia_diaphanea",5.699303,0.001233,7.782404,0.033319,"Biotic"
"636","Miconia_discolor",5.680296,0.001023,7.288857,0.020656,"Biotic"
"637","Miconia_dispar",5.699079,0.000603,7.69427,0.023764,"Biotic"
"638","Miconia_dissita",5.687145,NA,8.099858,NA,"Biotic"
"639","Miconia_dolichopoda",5.669602,0.002678,7.515778,0.111258,"Biotic"
"640","Miconia_dolichorrhyncha",5.695396,0.000773,7.798125,0.032353,"Biotic"
"641","Miconia_donaeana",5.686034,0.003046,7.801395,0.076521,"Biotic"
"642","Miconia_dorsiloba",5.695781,0.001249,8.062224,0.06148,"Biotic"
"643","Miconia_duckei",5.699487,0.001453,7.72439,0.056807,"Biotic"
"644","Miconia_dunstervillei",5.658611,NA,6.899723,NA,"Biotic"
"645","Miconia_egensis",5.699608,0.000809,7.748055,0.032306,"Biotic"
"646","Miconia_elaeoides",5.650185,0.002019,7.30241,0.128462,"Biotic"
"647","Miconia_elegans",5.688451,0.001068,7.224692,0.026155,"Biotic"
"648","Miconia_elvirae",5.668328,NA,6.96319,NA,"Biotic"
"649","Miconia_eriocalyx",5.690818,0.00373,7.498353,0.072598,"Biotic"
"650","Miconia_erioclada",5.690879,0.00235,7.68251,0.059454,"Biotic"
"651","Miconia_eriodonta",5.702159,0.000776,7.799114,0.027713,"Biotic"
"652","Miconia_erosa",5.66452,0.00208,7.868278,0.026785,"Biotic"
"653","Miconia_ferruginata",5.689793,0.000865,7.227978,0.02783,"Biotic"
"654","Miconia_ferruginea",5.688904,0.002923,7.32961,0.031273,"Biotic"
"655","Miconia_floribunda",5.670647,0.002259,7.541923,0.088609,"Biotic"
"656","Miconia_formicaria",5.692041,0.003541,8.073277,0.20006,"Biotic"
"657","Miconia_foveolata",5.693564,NA,7.873217,NA,"Biotic"
"658","Miconia_fragilis",5.698404,0.001744,7.759486,0.094396,"Biotic"
"659","Miconia_glandulifera",5.694779,0.004327,7.642085,0.140014,"Biotic"
"660","Miconia_glutinosa",5.664868,NA,7.04316,NA,"Biotic"
"661","Miconia_gonioclada",5.662787,NA,6.931472,NA,"Biotic"
"662","Miconia_goniostigma",5.685203,0.002037,7.950949,0.082803,"Biotic"
"663","Miconia_gracilis",5.689424,0.001924,8.04604,0.057736,"Biotic"
"664","Miconia_grandidentata",5.684536,0.002675,7.941995,0.054806,"Biotic"
"665","Miconia_grandifoliata",5.696894,0.001149,7.875966,0.049407,"Biotic"
"666","Miconia_gratissima",5.701018,0.000565,7.674282,0.0249,"Biotic"
"667","Miconia_heliotropoides",5.697141,0.000847,7.464185,0.031196,"Biotic"
"668","Miconia_hemenostigma",5.669524,0.004793,7.461256,0.163364,"Biotic"
"669","Miconia_hirtella",5.688582,0.001208,7.257186,0.05245,"Biotic"
"670","Miconia_holosericea",5.697987,0.000403,7.570033,0.023031,"Biotic"
"671","Miconia_hondurensis",5.697225,0.002458,7.922582,0.103789,"Biotic"
"672","Miconia_hookeriana",5.693929,0.001097,7.936876,0.06147,"Biotic"
"673","Miconia_hypoleuca",5.694426,0.000967,7.352361,0.063342,"Biotic"
"674","Miconia_impetiolaris",5.700927,0.001381,7.90978,0.095445,"Biotic"
"675","Miconia_inaequipetiolata",5.696254,NA,7.150701,NA,"Biotic"
"676","Miconia_inconspicua",5.675474,0.001432,7.386751,0.031166,"Biotic"
"677","Miconia_indicoviolacea",5.691025,0.004558,8.323069,0.449851,"Biotic"
"678","Miconia_intricata",5.696025,0.003745,8.510457,0.182447,"Biotic"
"679","Miconia_ioneura",5.676726,0.001508,6.662769,0.078185,"Biotic"
"680","Miconia_jahnii",5.657812,0.003554,7.35981,0.075834,"Biotic"
"681","Miconia_javorkaeana",5.700276,NA,7.630461,NA,"Biotic"
"682","Miconia_jorgensenii",5.661744,NA,7.090077,NA,"Biotic"
"683","Miconia_kraenzlinii",5.671298,0.012106,7.625902,0.339828,"Biotic"
"684","Miconia_kriegeriana",5.668673,0.000345,7.350416,0.077323,"Biotic"
"685","Miconia_labiakiana",5.693227,NA,7.080026,NA,"Biotic"
"686","Miconia_laevigata",5.692188,0.001846,7.424559,0.056907,"Biotic"
"687","Miconia_lanceolata",5.687484,NA,7.395722,NA,"Biotic"
"688","Miconia_lappacea",5.698866,0.001417,7.892801,0.069808,"Biotic"
"689","Miconia_latecrenata",5.678262,0.001178,7.304859,0.028734,"Biotic"
"690","Miconia_lateriflora",5.697708,0.001053,7.842869,0.034901,"Biotic"
"691","Miconia_latifolia",5.652099,0.004005,7.277046,0.070944,"Biotic"
"692","Miconia_lehmannii",5.668782,0.004997,7.663678,0.0926,"Biotic"
"693","Miconia_lepidota",5.6965,0.000795,7.642131,0.030693,"Biotic"
"694","Miconia_leucocarpa",5.684174,0.00074,7.3494,0.0232,"Biotic"
"695","Miconia_ligustrina",5.656728,0.004405,7.386803,0.089249,"Biotic"
"696","Miconia_ligustroides",5.683865,0.000924,7.188028,0.029177,"Biotic"
"697","Miconia_livida",5.677142,0.00212,7.534472,0.091715,"Biotic"
"698","Miconia_lonchophylla",5.680856,0.002261,7.650364,0.080552,"Biotic"
"699","Miconia_longibracteata",5.664868,NA,8.143808,NA,"Biotic"
"700","Miconia_longifolia",5.69339,0.0032,7.07166,0.039036,"Biotic"
"701","Miconia_longispicata",5.700505,0.000549,7.803786,0.030593,"Biotic"
"702","Miconia_loreyoides",5.687207,0.002098,8.077843,0.088595,"Biotic"
"703","Miconia_lourteigiana",5.697048,0.001362,7.669278,0.053723,"Biotic"
"704","Miconia_lugonis",5.694483,0.002468,7.995354,0.075571,"Biotic"
"705","Miconia_luteola",5.661049,NA,7.392648,NA,"Biotic"
"706","Miconia_lutescens",5.667291,NA,6.960348,NA,"Biotic"
"707","Miconia_lymanii",5.66988,0.001813,7.480856,0.063138,"Biotic"
"708","Miconia_macayana",5.672808,NA,7.659171,NA,"Biotic"
"709","Miconia_macrothyrsa",5.695655,0.000741,7.374681,0.023782,"Biotic"
"710","Miconia_magdalenae",5.695482,0.004096,7.780895,0.091712,"Biotic"
"711","Miconia_marginata",5.698227,0.001544,7.918636,0.064707,"Biotic"
"712","Miconia_maroana",5.701204,0.000589,8.076529,0.025037,"Biotic"
"713","Miconia_matthaei",5.695929,0.000616,7.712153,0.03347,"Biotic"
"714","Miconia_mazanana",5.698413,0.001228,8.030773,0.032111,"Biotic"
"715","Miconia_melinonis",5.703588,0.000277,7.797174,0.02532,"Biotic"
"716","Miconia_meridensis",5.68605,0.022222,7.151934,0.067708,"Biotic"
"717","Miconia_mesmeana",5.673111,0.006935,7.189103,0.097727,"Biotic"
"718","Miconia_mexicana",5.683147,0.001854,7.410056,0.05117,"Biotic"
"719","Miconia_michelangeliana",5.683069,NA,7.17012,NA,"Biotic"
"720","Miconia_molybdea",5.684524,0.002156,6.916148,0.087835,"Biotic"
"721","Miconia_mulleola",5.681109,0.004145,7.628936,0.160633,"Biotic"
"722","Miconia_multiplinervia",5.678342,0.002689,7.799095,0.051907,"Biotic"
"723","Miconia_multispicata",5.69445,0.001592,7.870008,0.049085,"Biotic"
"724","Miconia_myriantha",5.69993,0.000709,7.70375,0.031048,"Biotic"
"725","Miconia_myrtillifolia",5.661355,0.003575,7.523635,0.117715,"Biotic"
"726","Miconia_nambyquarae",5.694001,0.001486,7.51517,0.02719,"Biotic"
"727","Miconia_navifolia",5.689853,NA,7.678326,NA,"Biotic"
"728","Miconia_neei",5.655565,0.005566,6.802609,0.096701,"Biotic"
"729","Miconia_neomicrantha",5.68655,0.001256,7.670731,0.066909,"Biotic"
"730","Miconia_nervosa",5.696958,0.000451,7.685656,0.019866,"Biotic"
"731","Miconia_nitidissima",5.67106,0.005153,6.940404,0.125941,"Biotic"
"732","Miconia_notabilis",5.673784,0.002029,7.562194,0.068089,"Biotic"
"733","Miconia_nubicola",5.680002,NA,7.809541,NA,"Biotic"
"734","Miconia_nutans",5.682363,0.001388,7.740289,0.060554,"Biotic"
"735","Miconia_obscura",5.662092,NA,6.991177,NA,"Biotic"
"736","Miconia_obtusa",5.700611,NA,7.404888,NA,"Biotic"
"737","Miconia_octopetala",5.680981,0.004223,7.300022,0.092715,"Biotic"
"738","Miconia_oinochrophylla",5.698408,0.000865,7.984637,0.043734,"Biotic"
"739","Miconia_oldemanii",5.696254,NA,8.207129,NA,"Biotic"
"740","Miconia_oraria",5.689537,0.004352,8.052842,0.159267,"Biotic"
"741","Miconia_paleacea",5.695095,0.001141,7.942442,0.043282,"Biotic"
"742","Miconia_paniculata",5.676213,0.001832,7.280554,0.049214,"Biotic"
"743","Miconia_papillosa",5.65589,0.006574,7.290654,0.206449,"Biotic"
"744","Miconia_paradoxa",5.679319,NA,7.226209,NA,"Biotic"
"745","Miconia_paucidens",5.682865,0.000545,7.135725,0.011891,"Biotic"
"746","Miconia_pausana",5.666367,0.001498,7.156819,0.199491,"Biotic"
"747","Miconia_penduliflora",5.680783,0.006904,7.334643,0.052476,"Biotic"
"748","Miconia_penningtonii",5.652861,0.006656,7.171438,0.098503,"Biotic"
"749","Miconia_pepericarpa",5.684205,0.001219,7.200449,0.036159,"Biotic"
"750","Miconia_petropolitana",5.674061,0.000728,7.343268,0.023261,"Biotic"
"751","Miconia_phanerostila",5.700284,0.001152,7.795982,0.035942,"Biotic"
"752","Miconia_pittieri",5.658121,0.004942,7.984744,0.151219,"Biotic"
"753","Miconia_plethorica",5.647533,0.007934,7.056274,0.100682,"Biotic"
"754","Miconia_plukenetii",5.694975,0.001884,7.576889,0.060418,"Biotic"
"755","Miconia_poeppigii",5.699014,0.000764,7.741808,0.02498,"Biotic"
"756","Miconia_polita",5.692439,0.001434,7.503356,0.12204,"Biotic"
"757","Miconia_polyandra",5.681687,0.003695,7.160107,0.031694,"Biotic"
"758","Miconia_prasina",5.695583,0.000449,7.574172,0.019718,"Biotic"
"759","Miconia_prasinifolia",5.659876,0.016021,7.505659,0.063753,"Biotic"
"760","Miconia_prietoi",5.64897,0.002993,6.734823,0.11742,"Biotic"
"761","Miconia_pseudoaplostachya",5.700605,0.002153,7.911995,0.080108,"Biotic"
"762","Miconia_pseudoradula",5.6729,0.004752,7.835704,0.085671,"Biotic"
"763","Miconia_pterocaulon",5.697387,0.001048,7.919277,0.022726,"Biotic"
"764","Miconia_puberula",5.692143,0.001959,7.462093,0.059237,"Biotic"
"765","Miconia_pubipetala",5.70082,0.000807,7.6798,0.047192,"Biotic"
"766","Miconia_pulvinata",5.683896,0.002693,7.704249,0.107986,"Biotic"
"767","Miconia_punctibullata",5.663481,NA,7.99362,NA,"Biotic"
"768","Miconia_pusilliflora",5.68244,0.003947,7.326683,0.058787,"Biotic"
"769","Miconia_pustulata",5.658227,0.005698,7.347585,0.152843,"Biotic"
"770","Miconia_pyramidalis",5.693144,0.003267,7.340684,0.092271,"Biotic"
"771","Miconia_pyrifolia",5.697787,0.000746,7.571507,0.039428,"Biotic"
"772","Miconia_quadrialata",5.654943,0.007583,6.86564,0.207265,"Biotic"
"773","Miconia_racemosa",5.699363,0.001128,7.571658,0.066272,"Biotic"
"774","Miconia_ramboi",5.669528,0.002169,7.369754,0.029799,"Biotic"
"775","Miconia_reducens",5.690562,0.001785,8.03613,0.064383,"Biotic"
"776","Miconia_regelii",5.697473,0.002389,7.606987,0.050652,"Biotic"
"777","Miconia_resimoides",5.669708,NA,7.100027,NA,"Biotic"
"778","Miconia_rigens",5.645776,0.006888,7.206655,0.222865,"Biotic"
"779","Miconia_rimalis",5.681922,0.001282,6.967576,0.057444,"Biotic"
"780","Miconia_robinsoniana",5.691849,0.00272,7.669479,0.164394,"Biotic"
"781","Miconia_rosea",5.695956,0.002728,7.781311,0.093773,"Biotic"
"782","Miconia_rufa",5.681707,NA,7.451822,NA,"Biotic"
"783","Miconia_rugosa",5.698615,0.001508,7.954316,0.032828,"Biotic"
"784","Miconia_salebrosa",5.660353,NA,6.917706,NA,"Biotic"
"785","Miconia_salicifolia",5.649027,0.003509,7.081158,0.143017,"Biotic"
"786","Miconia_samanensis",5.695918,NA,7.5807,NA,"Biotic"
"787","Miconia_schlechtendalii",5.692323,0.001819,7.453938,0.072986,"Biotic"
"788","Miconia_schnellii",5.649854,NA,7.917901,NA,"Biotic"
"789","Miconia_schunkei",5.691853,0.004127,8.073528,0.083608,"Biotic"
"790","Miconia_sclerophylla",5.682581,0.001654,7.004686,0.062844,"Biotic"
"791","Miconia_septentrionalis",5.688838,NA,7.307873,NA,"Biotic"
"792","Miconia_sessilifolia",5.684654,0.004477,7.283231,0.099014,"Biotic"
"793","Miconia_sessilis",5.700611,NA,8.920389,NA,"Biotic"
"794","Miconia_silverstonei",5.678294,NA,7.686621,NA,"Biotic"
"795","Miconia_simplex",5.696189,0.001385,8.051014,0.063597,"Biotic"
"796","Miconia_skeaniana",5.682047,0.001703,7.400196,0.079668,"Biotic"
"797","Miconia_smaragdina",5.684715,0.002027,7.952284,0.059682,"Biotic"
"798","Miconia_smithii",5.667291,NA,7.855157,NA,"Biotic"
"799","Miconia_spicellata",5.698275,0.001737,7.669062,0.072991,"Biotic"
"800","Miconia_spinulosa",5.680476,0.004858,7.00743,0.130162,"Biotic"
"801","Miconia_squamulosa",5.647859,0.006252,6.98542,0.190882,"Biotic"
"802","Miconia_staminea",5.686876,0.002093,7.27366,0.044301,"Biotic"
"803","Miconia_stelligera",5.697154,0.00207,7.605963,0.080995,"Biotic"
"804","Miconia_stenophylla",5.650547,0.00457,6.645685,0.088907,"Biotic"
"805","Miconia_stenostachya",5.694252,0.000568,7.407181,0.027009,"Biotic"
"806","Miconia_stevensiana",5.696915,0.001409,8.014939,0.056382,"Biotic"
"807","Miconia_stipitata",5.678941,0.007775,7.857006,0.157209,"Biotic"
"808","Miconia_suaveolens",5.659656,NA,6.795706,NA,"Biotic"
"809","Miconia_subcompressa",5.669708,NA,7.679714,NA,"Biotic"
"810","Miconia_summa",5.64965,0.011263,7.257912,0.102305,"Biotic"
"811","Miconia_superba",5.690042,0.006555,7.749256,0.092269,"Biotic"
"812","Miconia_tabayensis",5.660862,0.005045,7.142194,0.035588,"Biotic"
"813","Miconia_tamana",5.661397,NA,6.96885,NA,"Biotic"
"814","Miconia_tentaculifera",5.674525,0.000343,7.349543,0.025713,"Biotic"
"815","Miconia_tetragona",5.702782,0.000834,7.904283,0.051844,"Biotic"
"816","Miconia_tetrastoma",5.672974,0.003265,7.532162,0.147552,"Biotic"
"817","Miconia_tiliifolia",5.693992,0.001316,7.324624,0.119826,"Biotic"
"818","Miconia_tillettii",5.691897,0.001648,7.78606,0.066194,"Biotic"
"819","Miconia_tinifolia",5.664123,0.003506,7.463374,0.077838,"Biotic"
"820","Miconia_tomentosa",5.698715,0.000595,7.704441,0.034687,"Biotic"
"821","Miconia_tovarensis",5.67512,0.003737,7.110614,0.126232,"Biotic"
"822","Miconia_traillii",5.700915,0.000622,7.82319,0.038252,"Biotic"
"823","Miconia_trianae",5.682784,0.000768,7.275601,0.028971,"Biotic"
"824","Miconia_triangularis",5.68782,0.001118,7.867337,0.176306,"Biotic"
"825","Miconia_trimera",5.697426,0.000936,7.807127,0.032829,"Biotic"
"826","Miconia_tristis",5.677668,0.001836,7.298784,0.066602,"Biotic"
"827","Miconia_tschudyoides",5.699719,0.000402,7.85676,0.043304,"Biotic"
"828","Miconia_tuberculata",5.683717,0.003382,7.250351,0.070097,"Biotic"
"829","Miconia_turquinensis",5.680343,NA,7.479864,NA,"Biotic"
"830","Miconia_ulmarioides",5.668965,0.003257,7.236746,0.120232,"Biotic"
"831","Miconia_undata",5.698699,0.002886,7.891653,0.069705,"Biotic"
"832","Miconia_uninervis",5.694574,NA,7.515889,NA,"Biotic"
"833","Miconia_urticoides",5.683697,0.001704,8.049146,0.108802,"Biotic"
"834","Miconia_valtheri",5.675007,0.001589,7.368331,0.037167,"Biotic"
"835","Miconia_variabilis",5.692552,0.001359,8.122876,0.089954,"Biotic"
"836","Miconia_victorinii",5.698937,NA,7.34601,NA,"Biotic"
"837","Miconia_villonacensis",5.660701,NA,6.960348,NA,"Biotic"
"838","Miconia_wagneri",5.692762,0.003533,7.509211,0.09301,"Biotic"
"839","Miconia_willdenowii",5.671999,0.001582,7.409194,0.073635,"Biotic"
"840","Miconia_xenotricha",5.669708,NA,7.679714,NA,"Biotic"
"841","Microlicia_amblysepala",5.681366,NA,6.879356,NA,"Abiotic"
"842","Microlicia_confertiflora",5.678803,0.001586,7.215849,0.07563,"Abiotic"
"843","Microlicia_fulva",5.682642,0.001305,7.284437,0.036037,"Abiotic"
"844","Microlicia_glazioviana",5.673839,NA,7.330405,NA,"Abiotic"
"845","Microlicia_graveolens",5.677775,0.001866,7.247258,0.075618,"Abiotic"
"846","Microlicia_isophylla",5.674423,0.002103,7.32658,0.028756,"Abiotic"
"847","Microlicia_minima",5.674525,NA,6.873164,NA,"Abiotic"
"848","Microlicia_tomentella",5.678287,0.002591,7.270907,0.05964,"Abiotic"
"849","Monochaetum_bonplandii",5.667833,0.004263,7.331739,0.093749,"Abiotic"
"850","Monochaetum_calcaratum",5.67484,0.004925,7.028858,0.057118,"Abiotic"
"851","Monochaetum_discolor",5.655117,NA,6.646391,NA,"Abiotic"
"852","Monochaetum_floribundum",5.675704,0.002159,7.537103,0.058486,"Abiotic"
"853","Monochaetum_lineatum",5.665894,0.002082,7.284742,0.081656,"Abiotic"
"854","Monochaetum_meridense",5.652526,0.004982,7.242262,0.124892,"Abiotic"
"855","Monochaetum_polyneurum",5.665239,0.004753,7.055393,0.030221,"Abiotic"
"856","Monochaetum_tenellum",5.665723,0.004675,7.245958,0.010339,"Abiotic"
"857","Monochaetum_uribei",5.658262,NA,7.174724,NA,"Abiotic"
"858","Monochaetum_vulcanicum",5.674525,NA,8.039157,NA,"Abiotic"
"859","Monolena_primuliflora",5.691244,0.001216,7.950419,0.063809,"Abiotic"
"860","Mouriri_collocarpa",5.702777,0.000634,7.707995,0.034575,"Biotic"
"861","Mouriri_crassifolia",5.701861,0.000675,7.812135,0.061421,"Biotic"
"862","Mouriri_cyphocarpa",5.697457,0.001706,7.894276,0.139234,"Biotic"
"863","Mouriri_dumetosa",5.701946,0.001065,7.988243,0.104821,"Biotic"
"864","Mouriri_gleasoniana",5.696927,0.001054,7.879427,0.061483,"Biotic"
"865","Mouriri_guianensis",5.700104,0.000543,7.432777,0.034607,"Biotic"
"866","Mouriri_myrtilloides",5.701501,0.001114,7.846852,0.163558,"Biotic"
"867","Mouriri_nervosa",5.700798,0.000849,7.669788,0.037753,"Biotic"
"868","Mouriri_sagotiana",5.700948,0.000405,7.731225,0.026104,"Biotic"
"869","Nepsera_aquatica",5.699952,0.00039,7.728828,0.037832,"Abiotic"
"870","Opisthocentra_clidemioides",5.701797,0.000706,8.046595,0.029498,"Abiotic"
"871","Osbeckia_australiana",5.704527,0.000372,7.034316,0.04421,"Abiotic"
"872","Osbeckia_chinensis",5.681962,0.001107,7.373632,0.026252,"Abiotic"
"873","Osbeckia_decandra",5.685274,0.003226,7.669822,0.066921,"Abiotic"
"874","Osbeckia_nepalensis",5.678739,0.002676,7.311248,0.073038,"Abiotic"
"875","Osbeckia_stellata",5.673985,0.001409,7.184774,0.032756,"Abiotic"
"876","Ossaea_amygdaloides",5.679735,0.000993,7.358255,0.029869,"Biotic"
"877","Ossaea_angustifolia",5.681396,0.002026,7.260347,0.061122,"Biotic"
"878","Ossaea_congestiflora",5.685012,0.001382,7.278374,0.038817,"Biotic"
"879","Ossaea_coriacea",5.670053,NA,7.398174,NA,"Biotic"
"880","Ossaea_cucullata",5.698476,0.001262,7.928369,0.03515,"Biotic"
"881","Ossaea_marginata",5.682385,0.00103,7.360577,0.032808,"Biotic"
"882","Ossaea_petiolaris",5.687822,NA,7.249215,NA,"Biotic"
"883","Ossaea_sanguinea",5.678212,0.00163,7.363986,0.044226,"Biotic"
"884","Ossaea_suprabasalis",5.681817,0.001972,6.926282,0.150925,"Biotic"
"885","Ossaea_vazquezii",5.689515,NA,7.388946,NA,"Biotic"
"886","Ossaea_wrightii",5.691879,NA,7.401842,NA,"Biotic"
"887","Oxyspora_paniculata",5.675816,0.001259,7.288486,0.051128,"Abiotic"
"888","Pachyanthus_angustifolius",5.694574,NA,7.362011,NA,"Biotic"
"889","Pachyanthus_discolor",5.694559,0.005382,7.230253,0.128577,"Biotic"
"890","Pachyanthus_mantuensis",5.697597,NA,7.278629,NA,"Biotic"
"891","Pachyanthus_mayarensis",5.700276,NA,7.742402,NA,"Biotic"
"892","Pachyanthus_poiretii",5.692043,0.002867,7.400343,0.042149,"Biotic"
"893","Pachyanthus_tetramerus",5.691879,NA,7.401842,NA,"Biotic"
"894","Pachyanthus_wrightii",5.697597,NA,7.196687,NA,"Biotic"
"895","Pachycentria_constricta",5.692245,0.002516,7.804753,0.05375,"Biotic"
"896","Pachyloma_huberioides",5.701504,0.001653,7.902059,0.040214,"Abiotic"
"897","Phainantha_shuariorum",5.687254,0.002035,7.772048,0.035497,"Abiotic"
"898","Phyllagathis_gymnantha",5.693528,0.002431,8.036716,0.057726,"Abiotic"
"899","Phyllagathis_oligotricha",5.669018,NA,7.344719,NA,"Abiotic"
"900","Physeterostemon_fiaschii",5.693227,NA,7.551712,NA,"Abiotic"
"901","Physeterostemon_jardimii",5.69491,0.000337,7.630912,0.03905,"Abiotic"
"902","Physeterostemon_thomasii",5.685109,NA,7.170888,NA,"Abiotic"
"903","Pilocosta_nubicola",5.686806,NA,7.899524,NA,"Abiotic"
"904","Pleiochiton_amorimii",5.685788,NA,7.007601,NA,"Biotic"
"905","Pleiochiton_ebracteatum",5.675368,0.001821,7.415146,0.05167,"Biotic"
"906","Pleiochiton_micranthum",5.670398,NA,7.319202,NA,"Biotic"
"907","Pleiochiton_setulosum",5.674679,0.006005,7.259205,0.073818,"Biotic"
"908","Pleroma_penduliflora",5.693564,NA,7.050123,NA,"Abiotic"
"909","Plethiandra_cuneata",5.696919,0.004256,8.125409,0.060783,"Biotic"
"910","Plethiandra_hookeri",5.693203,0.003297,7.978802,0.077842,"Biotic"
"911","Pternandra_coerulescens",5.701658,0.000588,7.828849,0.032508,"Biotic"
"912","Pternandra_cogniauxii",5.69952,0.001018,7.964928,0.055945,"Biotic"
"913","Pternandra_multiflora",5.702852,0.000727,8.13328,0.049863,"Biotic"
"914","Pterogastra_divaricata",5.698749,0.001514,7.8754,0.036297,"Abiotic"
"915","Pterogastra_minor",5.69864,0.005471,7.862079,0.052684,"Abiotic"
"916","Pterolepis_alpestris",5.679314,0.003075,7.279227,0.099157,"Abiotic"
"917","Pterolepis_glomerata",5.692336,0.000885,7.293184,0.035994,"Abiotic"
"918","Pterolepis_polygonoides",5.693609,0.001357,6.946746,0.058912,"Abiotic"
"919","Pterolepis_repanda",5.685128,0.001721,7.312067,0.022347,"Abiotic"
"920","Pterolepis_rotundifolia",5.679319,NA,6.854355,NA,"Abiotic"
"921","Quipuanthus_epipetricus",5.689151,0.007103,8.142547,0.240429,"Abiotic"
"922","Rhexia_alifanus",5.67682,0.000863,7.245359,0.019595,"Abiotic"
"923","Rhexia_aristosa",5.668906,0.003004,7.122199,0.033156,"Abiotic"
"924","Rhexia_cubensis",5.684682,0.001699,7.176043,0.009803,"Abiotic"
"925","Rhexia_lutea",5.676957,0.000661,7.226702,0.021846,"Abiotic"
"926","Rhexia_mariana",5.671743,0.000956,7.160409,0.01396,"Abiotic"
"927","Rhexia_nashii",5.675224,0.001481,7.179544,0.01982,"Abiotic"
"928","Rhexia_petiolata",5.676347,0.000971,7.205354,0.018379,"Abiotic"
"929","Rhexia_salicifolia",5.677952,0.000197,7.268269,0.039514,"Abiotic"
"930","Rhexia_virginica",5.657375,0.001558,7.085191,0.015872,"Abiotic"
"931","Rhynchanthera_bracteata",5.700562,0.001454,7.623732,0.047449,"Abiotic"
"932","Rhynchanthera_grandiflora",5.69659,0.000688,7.467113,0.026023,"Abiotic"
"933","Rhynchanthera_serrulata",5.703247,0.00058,7.645679,0.047851,"Abiotic"
"934","Salpinga_maranonensis",5.6923,0.005328,7.86676,0.044907,"Abiotic"
"935","Salpinga_margaritacea",5.678052,0.004258,7.667897,0.131764,"Abiotic"
"936","Salpinga_secunda",5.70047,0.000339,7.907952,0.022757,"Abiotic"
"937","Sarcopyramis_bodinieri",5.673379,0.002629,7.302392,0.104802,"Abiotic"
"938","Schwackaea_cupheoides",5.695225,0.004566,7.60929,0.181991,"Abiotic"
"939","Siphanthera_arenaria",5.680927,0.00292,7.146866,0.095974,"Abiotic"
"940","Siphanthera_cordata",5.68443,NA,7.447168,NA,"Abiotic"
"941","Siphanthera_cordifolia",5.692621,0.002663,7.856637,0.047553,"Abiotic"
"942","Siphanthera_dawsonii",5.687428,0.001591,7.339029,0.032283,"Abiotic"
"943","Siphanthera_hostmannii",5.693182,0.001968,7.804238,0.051763,"Abiotic"
"944","Siphanthera_paludosa",5.679432,0.000889,7.271538,0.012887,"Abiotic"
"945","Siphanthera_subtilis",5.696134,0.002809,7.556594,0.164599,"Abiotic"
"946","Sonerila_beccariana",5.693437,0.001514,7.994556,0.049602,"Abiotic"
"947","Sonerila_cantonensis",5.680706,0.001761,7.330695,0.031469,"Abiotic"
"948","Sonerila_obliqua",5.700624,0.001123,7.89132,0.067278,"Abiotic"
"949","Sporoxeia_sciadophila",5.665656,0.002907,7.304346,0.050344,"Abiotic"
"950","Stenodon_suberosus",5.689497,0.002249,7.349358,0.04344,"Abiotic"
"951","Svitramia_hatschbachii",5.677434,0.001736,7.350027,0.029634,"Abiotic"
"952","Svitramia_minor",5.680002,NA,7.301822,NA,"Abiotic"
"953","Svitramia_pulchra",5.681108,0.0013,7.281809,0.034519,"Abiotic"
"954","Svitramia_wurdackiana",5.682389,NA,7.247081,NA,"Abiotic"
"955","Tetrazygia_angustifolia",5.698937,NA,7.34601,NA,"Biotic"
"956","Tetrazygia_discolor",5.699272,NA,7.53048,NA,"Biotic"
"957","Tetrazygia_fadyenii",5.69659,NA,7.634337,NA,"Biotic"
"958","Tetrazygia_paralongicollis",5.690191,NA,7.032624,NA,"Biotic"
"959","Tibouchina_alpestris",5.677779,0.004866,7.054768,0.289738,"Abiotic"
"960","Tibouchina_axillaris",5.679142,0.003587,7.37541,0.131182,"Abiotic"
"961","Tibouchina_barnebyana",5.691541,NA,7.037028,NA,"Abiotic"
"962","Tibouchina_blanchetiana",5.685016,0.002372,6.750474,0.127353,"Abiotic"
"963","Tibouchina_boudetii",5.682389,NA,7.170888,NA,"Abiotic"
"964","Tibouchina_calycina",5.661885,0.00599,7.003212,0.080666,"Abiotic"
"965","Tibouchina_castellensis",5.668328,NA,7.273093,NA,"Abiotic"
"966","Tibouchina_cerastifolia",5.672992,0.001053,7.378411,0.023723,"Abiotic"
"967","Tibouchina_cinerea",5.662092,NA,7.465083,NA,"Abiotic"
"968","Tibouchina_cryptadena",5.684243,0.005279,7.410451,0.122626,"Abiotic"
"969","Tibouchina_decora",5.683625,0.005146,7.354051,0.161258,"Abiotic"
"970","Tibouchina_dimorphophylla",5.663285,0.019784,7.128672,0.686132,"Abiotic"
"971","Tibouchina_dubia",5.669627,0.001691,7.37436,0.028788,"Abiotic"
"972","Tibouchina_estrellensis",5.682169,0.00157,7.253543,0.034758,"Abiotic"
"973","Tibouchina_fraterna",5.686375,0.003779,7.552917,0.059489,"Abiotic"
"974","Tibouchina_geitneriana",5.684278,0.003424,7.179751,0.09019,"Abiotic"
"975","Tibouchina_gleasoniana",5.673154,0.010609,7.459736,0.172153,"Abiotic"
"976","Tibouchina_grossa",5.651394,0.00292,7.343443,0.091908,"Abiotic"
"977","Tibouchina_inopinata",5.682729,NA,7.949091,NA,"Abiotic"
"978","Tibouchina_itatiaiae",5.652314,NA,7.689371,NA,"Abiotic"
"979","Tibouchina_kleinii",5.666944,0.001309,7.323352,0.030222,"Abiotic"
"980","Tibouchina_laevicaulis",5.685449,0.000339,7.36327,0.004439,"Abiotic"
"981","Tibouchina_llanorum",5.699152,0.001255,7.501066,0.099333,"Abiotic"
"982","Tibouchina_manicata",5.674191,0.018025,7.24881,0.1579,"Abiotic"
"983","Tibouchina_mariae",5.664733,0.004444,6.875121,0.070048,"Abiotic"
"984","Tibouchina_melanocalyx",5.667983,NA,7.315884,NA,"Abiotic"
"985","Tibouchina_minor",5.67197,0.005909,7.387259,0.051742,"Abiotic"
"986","Tibouchina_mollis",5.656696,0.003198,7.400132,0.086879,"Abiotic"
"987","Tibouchina_nodosa",5.68781,0.003581,7.438894,0.057975,"Abiotic"
"988","Tibouchina_oreophila",5.677781,0.000171,6.745422,0.065822,"Abiotic"
"989","Tibouchina_pendula",5.671536,0.010963,7.587747,0.147577,"Abiotic"
"990","Tibouchina_pereirae",5.68666,0.002285,6.688138,0.092441,"Abiotic"
"991","Tibouchina_radula",5.68375,NA,7.160069,NA,"Abiotic"
"992","Tibouchina_ramboi",5.663132,0.001603,7.535736,0.063341,"Abiotic"
"993","Tibouchina_sebastianopolitana",5.679014,0.001817,7.282664,0.04106,"Abiotic"
"994","Tibouchina_sellowiana",5.674015,0.001157,7.348447,0.020624,"Abiotic"
"995","Tibouchina_wurdackii",5.689853,NA,7.837949,NA,"Abiotic"
"996","Tibouchinopsis_mirabilis",5.679319,NA,6.588926,NA,"Abiotic"
"997","Tigridiopalma_magnifica",5.6885,NA,7.532624,NA,"Abiotic"
"998","Tococa_aristata",5.694031,0.002885,7.725253,0.063345,"Biotic"
"999","Tococa_bolivarensis",5.679404,0.005837,7.751286,0.0808,"Biotic"
"1000","Tococa_bullifera",5.700903,0.000535,7.887855,0.028511,"Biotic"
"1001","Tococa_capitata",5.701813,0.000373,7.934021,0.030425,"Biotic"
"1002","Tococa_caquetana",5.698696,0.000563,7.958712,0.022992,"Biotic"
"1003","Tococa_carolensis",5.691606,0.002353,7.765231,0.120374,"Biotic"
"1004","Tococa_caudata",5.701093,0.000514,7.914801,0.014777,"Biotic"
"1005","Tococa_cordata",5.701863,0.000958,8.015307,0.04674,"Biotic"
"1006","Tococa_coronata",5.701791,0.00058,7.831209,0.02173,"Biotic"
"1007","Tococa_gonoptera",5.69491,NA,7.867106,NA,"Biotic"
"1008","Tococa_guianensis",5.697596,0.000497,7.734292,0.020891,"Biotic"
"1009","Tococa_macrophysca",5.700452,0.000881,8.030838,0.018713,"Biotic"
"1010","Tococa_macrosperma",5.699696,0.001002,7.901073,0.024582,"Biotic"
"1011","Tococa_nitens",5.699467,0.000667,7.646722,0.032786,"Biotic"
"1012","Tococa_platyphylla",5.686545,0.001343,7.929464,0.066122,"Biotic"
"1013","Tococa_subciliata",5.702423,0.000461,7.779652,0.019594,"Biotic"
"1014","Tococa_symphyandra",5.683027,0.002928,7.954282,0.074782,"Biotic"
"1015","Trembleya_laniflora",5.676234,0.002434,7.322451,0.040152,"Abiotic"
"1016","Trembleya_parviflora",5.678206,0.001095,7.208183,0.040214,"Abiotic"
"1017","Trembleya_pentagona",5.672805,0.002407,7.375832,0.010019,"Abiotic"
"1018","Triolena_barbeyana",5.694364,0.002015,7.83762,0.186762,"Abiotic"
"1019","Triolena_pustulata",5.689674,0.001691,7.863651,0.064602,"Abiotic"
"1020","Tristemma_akeassii",5.699783,0.000847,7.583057,0.10242,"Abiotic"
"1021","Tristemma_coronatum",5.699975,0.000702,7.592122,0.090959,"Abiotic"
"1022","Tristemma_demeusei",5.692984,0.00182,7.570414,0.068242,"Abiotic"
"1023","Tristemma_hirtum",5.697058,0.00126,7.616859,0.058715,"Abiotic"
"1024","Tristemma_littorale",5.697674,0.001376,7.800332,0.107118,"Abiotic"
"1025","Tristemma_mauritianum",5.691852,0.000844,7.453795,0.02925,"Abiotic"
"1026","Tristemma_oreophilum",5.695134,0.000968,7.598985,0.037856,"Abiotic"
"1027","Tristemma_vestitum",5.700444,0.000167,7.761277,0.16388,"Abiotic"
"1028","Tryssophyton_merumense",5.681025,NA,7.661056,NA,"Abiotic"
"1029","Votomita_guianensis",5.700472,0.001627,7.728288,0.151079,"Biotic"
"1030","Warneckea_amaniensis",5.686476,0.00265,7.048424,0.102693,"Biotic"
"1031","Warneckea_hedbergiorum",5.69659,NA,7.17549,NA,"Biotic"
"1032","Warneckea_madagascariensis",5.691541,NA,7.767687,NA,"Biotic"
"1033","Warneckea_masoalae",5.691204,NA,7.895436,NA,"Biotic"
"1034","Warneckea_wildeana",5.695102,0.002186,7.788049,0.042007,"Biotic"
